name,rocket,agency,location,date,status,video_url,image_url
That's Not A Knife,Electron,Rocket Lab,"Wallops Flight Facility, Virginia, USA","Tomorrow, 02:30 AM",,https://www.youtube.com/watch?v=-MXAzzSgRFE,https://storage.googleapis.com/nextspaceflight/media/rockets-thumb/G6Dl9IabMAIKjDH.webp
Starlink Group 6-108,Falcon 9 Block 5,SpaceX,"Cape Canaveral SFS, Florida, USA","Friday, 03:22 PM",,,https://storage.googleapis.com/nextspaceflight/media/rockets-thumb/Falcon_9_Block_5.webp
Stairway To Seven,Alpha Block 1,Firefly,"Vandenberg SFB, California, USA","Saturday, 06:20 AM",,,https://storage.googleapis.com/nextspaceflight/media/rockets-thumb/Alpha.webp
Unknown Payload,Long March 7A,CASC,"Wenchang Space Launch Site, China","NET February, 2026",,,https://storage.googleapis.com/nextspaceflight/media/rockets-thumb/CZ-7A_YG-45.webp
Starlink Group 17-23,Falcon 9 Block 5,SpaceX,"Vandenberg SFB, California, USA","Sunday, 01:30 PM",,,https://storage.googleapis.com/nextspaceflight/media/rockets-thumb/Falcon_9_Block_5.webp
Starlink Group 10-41,Falcon 9 Block 5,SpaceX,"Cape Canaveral SFS, Florida, USA","Monday, 05:37 AM",,,https://storage.googleapis.com/nextspaceflight/media/rockets-thumb/Falcon_9_Block_5.webp
Starlink Group 10-40,Falcon 9 Block 5,SpaceX,"Cape Canaveral SFS, Florida, USA","March 4, 12:28 PM",,,https://storage.googleapis.com/nextspaceflight/media/rockets-thumb/Falcon_9_Block_5.webp
Starlink Group 17-18,Falcon 9 Block 5,SpaceX,"Vandenberg SFB, California, USA","March 5, 02:30 AM",,,https://storage.googleapis.com/nextspaceflight/media/rockets-thumb/Falcon_9_Block_5.webp
Starlink Group 17-31,Falcon 9 Block 5,SpaceX,"Vandenberg SFB, California, USA","March 8, 04:28 PM",,,https://storage.googleapis.com/nextspaceflight/media/rockets-thumb/Falcon_9_Block_5.webp
EchoStar XXV,Falcon 9 Block 5,SpaceX,"Cape Canaveral SFS, Florida, USA","NET March 8, 2026",,,https://storage.googleapis.com/nextspaceflight/media/rockets-thumb/Falcon_9_Block_5.webp
Onward and Upward,Spectrum,Isar,"Andøya Rocket Range, Nordland, Norway","March 20, 01:30 AM",,,https://storage.googleapis.com/nextspaceflight/media/rockets-thumb/Spectrum%20Flight%201.webp
Progress MS-33,Soyuz 2.1a,Roscosmos,"Baikonur Cosmodrome, Kazakhstan","March 22, 05:29 PM",,,https://storage.googleapis.com/nextspaceflight/media/rockets-thumb/Soyuz_2.1a_Crew.webp
Daughter Of The Stars,Electron/Curie,Rocket Lab,"Māhia Peninsula, New Zealand","NET March 24, 2026",,,https://storage.googleapis.com/nextspaceflight/media/rockets-thumb/54387495948_b874311694.webp
Transporter 16,Falcon 9 Block 5,SpaceX,"Vandenberg SFB, California, USA","NET March 29, 2026",,,https://storage.googleapis.com/nextspaceflight/media/rockets-thumb/Falcon_9_Block_5.webp
EOS-05 (GISAT-1A),GSLV Mk II,ISRO,"Satish Dhawan Space Centre, India","NET March, 2026",,,https://storage.googleapis.com/nextspaceflight/media/rockets-thumb/gslv_f16_002.webp
Demo Flight,Soyuz 5,Roscosmos,"Baikonur Cosmodrome, Kazakhstan","NET March 31, 2026",,,https://storage.googleapis.com/nextspaceflight/media/rockets/default.jpg
Tranche 1 Transport Layer A,Falcon 9 Block 5,SpaceX,"Vandenberg SFB, California, USA","NET March, 2026",,,https://storage.googleapis.com/nextspaceflight/media/rockets-thumb/Falcon_9_Block_5.webp
GPS III SV10,Vulcan VC2S,ULA,"Cape Canaveral SFS, Florida, USA","NET March, 2026",,,https://storage.googleapis.com/nextspaceflight/media/rockets-thumb/54041467572_d7f78e68fe_o.webp
BlueBird Block 2 FM2,New Glenn,Blue Origin,"Cape Canaveral SFS, Florida, USA","NET March, 2026",,,https://storage.googleapis.com/nextspaceflight/media/rockets-thumb/G51Yd4bbkAIzm_x.webp
Starship Flight 12,Starship-Super Heavy v3,SpaceX,"Starbase, Texas, USA","NET March, 2026",,,https://storage.googleapis.com/nextspaceflight/media/rockets-thumb/image%20-%20kopie.webp
Flight 3,KAIROS,Space One,"Space Port Kii, Japan","NET March, 2026",,,https://storage.googleapis.com/nextspaceflight/media/rockets-thumb/KAIROS.webp
GSAT-32 (GSAT-N3),LVM-3,ISRO,"Satish Dhawan Space Centre, India","NET 1st Quarter, 2026",,,https://storage.googleapis.com/nextspaceflight/media/rockets-thumb/p1.webp
Tranche 1 Transport Layer D,Falcon 9 Block 5,SpaceX,"Vandenberg SFB, California, USA","NET 1st Quarter, 2026",,,https://storage.googleapis.com/nextspaceflight/media/rockets-thumb/Falcon_9_Block_5.webp
Tranche 1 Transport Layer E,Falcon 9 Block 5,SpaceX,"Vandenberg SFB, California, USA","NET 1st Quarter, 2026",,,https://storage.googleapis.com/nextspaceflight/media/rockets-thumb/Falcon_9_Block_5.webp
Demo Flight,Tianlong 3,Space Pioneer,"Jiuquan Satellite Launch Center, China","NET 1st Quarter, 2026",,,https://storage.googleapis.com/nextspaceflight/media/rockets-thumb/Tianlong-3.webp
Tranche 1 Transport Layer F,Falcon 9 Block 5,SpaceX,"Vandenberg SFB, California, USA","NET 1st Quarter, 2026",,,https://storage.googleapis.com/nextspaceflight/media/rockets-thumb/Falcon_9_Block_5.webp
Amazon Leo (LV-01),Vulcan VC6L,ULA,"Cape Canaveral SFS, Florida, USA","NET 1st Quarter, 2026",,,https://storage.googleapis.com/nextspaceflight/media/rockets-thumb/header_vulcancentaur_forvulcanpage1.webp
Demo Flight,Neutron,Rocket Lab,"Wallops Flight Facility, Virginia, USA","NET 1st Quarter, 2026",,,https://storage.googleapis.com/nextspaceflight/media/rockets-thumb/7c4327c0f22f59a755a42e032c46d8fb.webp
Demo Flight,Kinetica 2,CAS Space,"Jiuquan Satellite Launch Center, China","NET 1st Quarter, 2026",,,https://storage.googleapis.com/nextspaceflight/media/rockets-thumb/Kinetica%202.webp
StriX-6,Electron/Curie,Rocket Lab,"Māhia Peninsula, New Zealand","NET 1st Quarter, 2026",,,https://storage.googleapis.com/nextspaceflight/media/rockets-thumb/54387495948_b874311694.webp
Kakushin Rising,Electron/Curie,Rocket Lab,"Māhia Peninsula, New Zealand","NET 1st Quarter, 2026",,,https://storage.googleapis.com/nextspaceflight/media/rockets-thumb/54387495948_b874311694.webp
Demo Flight,Long March 12B,CASC,"Jiuquan Satellite Launch Center, China","NET 1st Quarter, 2026",,,https://storage.googleapis.com/nextspaceflight/media/rockets/default.jpg
Artemis II,SLS Block 1,NASA,"Kennedy Space Center, Florida, USA","April 2, 03:54 AM",,,https://storage.googleapis.com/nextspaceflight/media/rockets-thumb/SLS_Block_1.webp
CRS NG-24,Falcon 9 Block 5,SpaceX,"Cape Canaveral SFS, Florida, USA","April 3, 07:30 PM",,,https://storage.googleapis.com/nextspaceflight/media/rockets-thumb/Falcon_9_Block_5.webp
STP-S29A,Minotaur IV,Northrop,"Vandenberg SFB, California, USA","NET April 7, 2026",,,https://storage.googleapis.com/nextspaceflight/media/rockets-thumb/MinotaurIV.webp
SMILE,Vega C,Avio,"Guiana Space Centre, French Guiana, France","NET April 8, 2026",,,https://storage.googleapis.com/nextspaceflight/media/rockets-thumb/Vega-C.webp
Progress MS-34,Soyuz 2.1a,Roscosmos,"Baikonur Cosmodrome, Kazakhstan","April 26, 03:51 AM",,,https://storage.googleapis.com/nextspaceflight/media/rockets-thumb/Soyuz_2.1a_Crew.webp
CRS SpX-34,Falcon 9 Block 5,SpaceX,"Cape Canaveral SFS, Florida, USA","NET May, 2026",,,https://storage.googleapis.com/nextspaceflight/media/rockets-thumb/Falcon_9_Block_5.webp
USSF-57 (NGG-1),Vulcan Centaur,ULA,"Cape Canaveral SFS, Florida, USA","NET May, 2026",,,https://storage.googleapis.com/nextspaceflight/media/rockets-thumb/Vulcan_Centaur.webp
Swift Rescue Mission,Pegasus XL,Northrop,"Ronald Reagan Ballistic Missile Defense Test Site, Marshall Islands","NET June 1, 2026",,,https://storage.googleapis.com/nextspaceflight/media/rockets-thumb/Pegasus_XL.webp
Progress MS-35,Soyuz 2.1a,Roscosmos,"Baikonur Cosmodrome, Kazakhstan","June 17, 07:10 AM",,,https://storage.googleapis.com/nextspaceflight/media/rockets-thumb/Soyuz_2.1a_Crew.webp
LOXSAT 1,Electron/Photon,Rocket Lab,"Māhia Peninsula, New Zealand","NET June 25, 2026",,,https://storage.googleapis.com/nextspaceflight/media/rockets-thumb/Electron_Photon.webp
Tranche 1 Tracking Layer B,Vulcan Centaur,ULA,"Vandenberg SFB, California, USA","NET June, 2026",,,https://storage.googleapis.com/nextspaceflight/media/rockets-thumb/Vulcan_Centaur.webp
Transporter 17,Falcon 9 Block 5,SpaceX,"Vandenberg SFB, California, USA","NET June, 2026",,,https://storage.googleapis.com/nextspaceflight/media/rockets-thumb/Falcon_9_Block_5.webp
ViaSat-3 F3,Falcon Heavy,SpaceX,"Kennedy Space Center, Florida, USA","NET 2nd Quarter, 2026",,,https://storage.googleapis.com/nextspaceflight/media/rockets-thumb/Falcon%20Heavy%20Block%205.webp
MRV-1,Falcon 9 Block 5,SpaceX,"SLC-40 or LC-39A, Florida, USA","NET 2nd Quarter, 2026",,,https://storage.googleapis.com/nextspaceflight/media/rockets-thumb/Falcon_9_Block_5.webp
Tranche 1 Tracking Layer C,Falcon 9 Block 5,SpaceX,"Vandenberg SFB, California, USA","NET 2nd Quarter, 2026",,,https://storage.googleapis.com/nextspaceflight/media/rockets-thumb/Falcon_9_Block_5.webp
NROL-64,Vulcan Centaur,ULA,"Cape Canaveral SFS, Florida, USA","NET 2nd Quarter, 2026",,,https://storage.googleapis.com/nextspaceflight/media/rockets-thumb/Vulcan_Centaur.webp
Tranche 1 Tracking Layer A,Falcon 9 Block 5,SpaceX,"Vandenberg SFB, California, USA","NET 2nd Quarter, 2026",,,https://storage.googleapis.com/nextspaceflight/media/rockets-thumb/Falcon_9_Block_5.webp
Tranche 1 Tracking Layer E,Falcon 9 Block 5,SpaceX,"Vandenberg SFB, California, USA","NET 2nd Quarter, 2026",,,https://storage.googleapis.com/nextspaceflight/media/rockets-thumb/Falcon_9_Block_5.webp
H3-30 Test Flight,H3-30S,MHI,"Tanegashima Space Center, Japan","NET 2nd Quarter, 2026",,,https://storage.googleapis.com/nextspaceflight/media/rockets-thumb/3RzL4Ew72htAj3xMyJGJTE.webp
VICTUS HAZE Jackal,Alpha Block 2,Firefly,"Vandenberg SFB, California, USA","NET 2nd Quarter, 2026",,,https://storage.googleapis.com/nextspaceflight/media/rockets/default.jpg
Globalstar Third Gen Sat Mission 1,Falcon 9 Block 5,SpaceX,"SLC-40 or LC-39A, Florida, USA","NET 1st Half, 2026",,,https://storage.googleapis.com/nextspaceflight/media/rockets-thumb/Falcon_9_Block_5.webp
Amazon Leo (LE-02),Ariane 64,Arianespace,"Guiana Space Centre, French Guiana, France","NET 1st Half, 2026",,,https://storage.googleapis.com/nextspaceflight/media/rockets-thumb/P103078_HD.webp
VICTUS HAZE Puma,Electron/Photon,Rocket Lab,"Māhia Peninsula, New Zealand","NET 1st Half, 2026",,,https://storage.googleapis.com/nextspaceflight/media/rockets-thumb/Electron_Photon.webp
IDRSS-01,GSLV Mk II,ISRO,"Satish Dhawan Space Centre, India","NET 1st Half, 2026",,,https://storage.googleapis.com/nextspaceflight/media/rockets-thumb/gslv_f16_002.webp
Soyuz MS-29,Soyuz 2.1a,Roscosmos,"Baikonur Cosmodrome, Kazakhstan","July 14, 08:13 PM",,,https://storage.googleapis.com/nextspaceflight/media/rockets-thumb/Soyuz_2.1a_Crew.webp
Griffin Mission One,Falcon Heavy,SpaceX,"Kennedy Space Center, Florida, USA","NET July, 2026",,,https://storage.googleapis.com/nextspaceflight/media/rockets-thumb/Falcon%20Heavy%20Block%205.webp
HTV-X 2,H3-24W,MHI,"Tanegashima Space Center, Japan","NET July, 2026",,,https://storage.googleapis.com/nextspaceflight/media/rockets-thumb/e9432c0c2b37ff96b2ce66b7bb33d081.webp
Aspera,Electron/Curie,Rocket Lab,"Māhia Peninsula, New Zealand","NET August 15, 2026",,,https://storage.googleapis.com/nextspaceflight/media/rockets-thumb/54387495948_b874311694.webp
CRS SpX-35,Falcon 9 Block 5,SpaceX,"Cape Canaveral SFS, Florida, USA","NET August, 2026",,,https://storage.googleapis.com/nextspaceflight/media/rockets-thumb/Falcon_9_Block_5.webp
Sentinel-3C & FLEX,Vega C,Avio,"Guiana Space Centre, French Guiana, France","NET September 1, 2026",,,https://storage.googleapis.com/nextspaceflight/media/rockets-thumb/Vega-C.webp
Roman Space Telescope,Falcon Heavy,SpaceX,"Kennedy Space Center, Florida, USA","NET September 28, 2026",,,https://storage.googleapis.com/nextspaceflight/media/rockets-thumb/Falcon%20Heavy%20Block%205.webp
NZSA Venus Mission,Neutron,Rocket Lab,"Wallops Flight Facility, Virginia, USA","NET 3rd Quarter, 2026",,,https://storage.googleapis.com/nextspaceflight/media/rockets-thumb/7c4327c0f22f59a755a42e032c46d8fb.webp
Astranis Block 3,Falcon 9 Block 5,SpaceX,"SLC-40 or LC-39A, Florida, USA","NET 3rd Quarter, 2026",,,https://storage.googleapis.com/nextspaceflight/media/rockets-thumb/Falcon_9_Block_5.webp
Amazon Leo (LE-03),Ariane 64,Arianespace,"Guiana Space Centre, French Guiana, France","NET 3rd Quarter, 2026",,,https://storage.googleapis.com/nextspaceflight/media/rockets-thumb/P103078_HD.webp
QuickSounder,Alpha Block 2,Firefly,"Vandenberg SFB, California, USA","NET 3rd Quarter, 2026",,,https://storage.googleapis.com/nextspaceflight/media/rockets/default.jpg
MTG-I2,Ariane 62,Arianespace,"Guiana Space Centre, French Guiana, France","NET 3rd Quarter, 2026",,,https://storage.googleapis.com/nextspaceflight/media/rockets-thumb/Ariane%2062.webp
Demo Flight,Rocket 4,Astra,"Cape Canaveral SFS, Florida, USA","NET 3rd Quarter, 2026",,,https://storage.googleapis.com/nextspaceflight/media/rockets-thumb/Rocket_4.webp
NeonSat-2 to 6,KSLV-2,KARI,"Naro Space Center, South Korea","NET 3rd Quarter, 2026",,,https://storage.googleapis.com/nextspaceflight/media/rockets-thumb/KSLV-2.webp
FOO Fighter,Falcon 9 Block 5,SpaceX,"CCSFS/KSC, Florida or VSFB, California, USA","NET 3rd Quarter, 2026",,,https://storage.googleapis.com/nextspaceflight/media/rockets-thumb/Falcon_9_Block_5.webp
Martian Moon eXplorer (MMX),H3-24L,JAXA,"Tanegashima Space Center, Japan","NET October, 2026",,,https://storage.googleapis.com/nextspaceflight/media/rockets-thumb/e9432c0c2b37ff96b2ce66b7bb33d081L.webp
Transporter 18,Falcon 9 Block 5,SpaceX,"CCSFS/KSC, Florida or VSFB, California, USA","NET October, 2026",,,https://storage.googleapis.com/nextspaceflight/media/rockets-thumb/Falcon_9_Block_5.webp
KOMPSAT-6 & PLATiNO-1,Vega C,Arianespace,"Guiana Space Centre, French Guiana, France","NET November, 2026",,,https://storage.googleapis.com/nextspaceflight/media/rockets-thumb/Vega-C.webp
Blue Ghost Mission 2,Falcon 9 Block 5,SpaceX,"SLC-40 or LC-39A, Florida, USA","NET November, 2026",,,https://storage.googleapis.com/nextspaceflight/media/rockets-thumb/Falcon_9_Block_5.webp
KOMPSAT-7A,Falcon 9 Block 5,SpaceX,"SLC-40 or LC-39A, Florida, USA","NET November, 2026",,,https://storage.googleapis.com/nextspaceflight/media/rockets-thumb/Falcon_9_Block_5.webp
Demo Flight,Miura 5,PLD,"Guiana Space Centre, French Guiana, France",NET 2026,,,https://storage.googleapis.com/nextspaceflight/media/rockets-thumb/Miura%205.webp
Ekspress-AMU4,Proton-M/Briz-M,Roscosmos,"Baikonur Cosmodrome, Kazakhstan","NET December, 2026",,,https://storage.googleapis.com/nextspaceflight/media/rockets-thumb/Proton_M_Briz_M.webp
Boomerang Phobos Mission,Soyuz 2.1b/Fregat-M,Roscosmos,"Vostochny Cosmodrome, Russia",NET 2026,,,https://storage.googleapis.com/nextspaceflight/media/rockets-thumb/Soyuz_2.1b-Fregat-M.webp
VCLS Demo-2R,Terran R,Relativity Space,"Cape Canaveral SFS, Florida, USA",NET 2026,,,https://storage.googleapis.com/nextspaceflight/media/rockets-thumb/Terran_R.webp
Astrobotic Lunar Mission 3,Falcon Heavy,SpaceX,"Kennedy Space Center, Florida, USA",NET 2026,,,https://storage.googleapis.com/nextspaceflight/media/rockets-thumb/Falcon%20Heavy%20Block%205.webp
Intelsat Mission 1,Terran R,Relativity Space,"Cape Canaveral SFS, Florida, USA",NET 2026,,,https://storage.googleapis.com/nextspaceflight/media/rockets-thumb/Terran_R.webp
Tranche 2 Transport Layer D,Falcon 9 Block 5,SpaceX,"SLC-40 or LC-39A, Florida, USA","NET December, 2026",,,https://storage.googleapis.com/nextspaceflight/media/rockets-thumb/Falcon_9_Block_5.webp
CRS SNC-1,Vulcan VC4L,ULA,"Cape Canaveral SFS, Florida, USA","NET 4th Quarter, 2026",,,https://storage.googleapis.com/nextspaceflight/media/rockets-thumb/Vulcan%20VC4L.webp
METOP-SG B1,Ariane 62,Arianespace,"Guiana Space Centre, French Guiana, France","NET 4th Quarter, 2026",,,https://storage.googleapis.com/nextspaceflight/media/rockets-thumb/Ariane%2062.webp
Galileo FOC FM28 & FM31,Ariane 62,Arianespace,"Guiana Space Centre, French Guiana, France","NET 4th Quarter, 2026",,,https://storage.googleapis.com/nextspaceflight/media/rockets-thumb/Ariane%2062.webp
CRS NG-25,Antares 330,Northrop,"Wallops Flight Facility, Virginia, USA","NET 4th Quarter, 2026",,,https://storage.googleapis.com/nextspaceflight/media/rockets-thumb/Antares_330.webp
STP-S29B,Rocket 4,Astra,"Cape Canaveral SFS, Florida, USA","NET 4th Quarter, 2026",,,https://storage.googleapis.com/nextspaceflight/media/rockets-thumb/Rocket_4.webp
CHORUS,Falcon 9 Block 5,SpaceX,"SLC-40 or LC-39A, Florida, USA","NET 4th Quarter, 2026",,,https://storage.googleapis.com/nextspaceflight/media/rockets-thumb/Falcon_9_Block_5.webp
VICTUS SURGO,Falcon 9 Block 5,SpaceX,"Kennedy Space Center, Florida, USA","NET 4th Quarter, 2026",,,https://storage.googleapis.com/nextspaceflight/media/rockets-thumb/Falcon_9_Block_5.webp
Space MAITRI,SSLV,ISRO,"Satish Dhawan Space Centre, India","NET 4th Quarter, 2026",,,https://storage.googleapis.com/nextspaceflight/media/rockets-thumb/SSLV.webp
ΣYNDEO-3,Spectrum,Isar,"Andøya Rocket Range, Nordland, Norway","NET 4th Quarter, 2026",,,https://storage.googleapis.com/nextspaceflight/media/rockets-thumb/Spectrum%20Flight%201.webp
GX-7,Falcon 9 Block 5,SpaceX,"SLC-40 or LC-39A, Florida, USA","NET 4th Quarter, 2026",,,https://storage.googleapis.com/nextspaceflight/media/rockets-thumb/Falcon_9_Block_5.webp
GaganYaan G1,LVM-3,ISRO,"Satish Dhawan Space Centre, India","NET 2nd Half, 2026",,,https://storage.googleapis.com/nextspaceflight/media/rockets-thumb/p1.webp
Nova-C IM-3 & Others,Falcon 9 Block 5,SpaceX,"Kennedy Space Center, Florida, USA","NET 2nd Half, 2026",,,https://storage.googleapis.com/nextspaceflight/media/rockets-thumb/Falcon_9_Block_5.webp
Demo Flight,Terran R,Relativity Space,"Cape Canaveral SFS, Florida, USA","NET 2nd Half, 2026",,,https://storage.googleapis.com/nextspaceflight/media/rockets-thumb/Terran_R.webp
"O3b mPOWER 11, 12 & 13",Falcon 9 Block 5,SpaceX,"SLC-40 or LC-39A, Florida, USA","NET 2nd Half, 2026",,,https://storage.googleapis.com/nextspaceflight/media/rockets-thumb/Falcon_9_Block_5.webp
TestFlight2,Eris,Gilmour,"Bowen Orbital Spaceport, Australia","NET 2nd Half, 2026",,,https://storage.googleapis.com/nextspaceflight/media/rockets-thumb/Eris%20Flight%201.webp
SSMS n°10,Vega C,Avio,"Guiana Space Centre, French Guiana, France",NET 2026,,,https://storage.googleapis.com/nextspaceflight/media/rockets-thumb/Vega-C.webp
SSMS n°06,Vega C,Avio,"Guiana Space Centre, French Guiana, France",NET 2026,,,https://storage.googleapis.com/nextspaceflight/media/rockets-thumb/Vega-C.webp
SSMS n°08,Vega C,Avio,"Guiana Space Centre, French Guiana, France",NET 2026,,,https://storage.googleapis.com/nextspaceflight/media/rockets-thumb/Vega-C.webp
EDRS-D,Ariane 62,Arianespace,"Guiana Space Centre, French Guiana, France",NET 2026,,,https://storage.googleapis.com/nextspaceflight/media/rockets-thumb/Ariane%2062.webp
SpaceBelt,Vega C,Avio,"Guiana Space Centre, French Guiana, France",NET 2026,,,https://storage.googleapis.com/nextspaceflight/media/rockets-thumb/Vega-C.webp
GaganYaan G2,LVM-3,ISRO,"Satish Dhawan Space Centre, India",NET 2026,,,https://storage.googleapis.com/nextspaceflight/media/rockets-thumb/p1.webp
Cartosat-3B,PSLV-XL,ISRO,"Satish Dhawan Space Centre, India",NET 2026,,,https://storage.googleapis.com/nextspaceflight/media/rockets-thumb/028A2917.webp
Meridian-M n°21L,Soyuz 2.1a/Fregat-M,VKS RF,"Plesetsk Cosmodrome, Russia",NET 2026,,,https://storage.googleapis.com/nextspaceflight/media/rockets-thumb/Soyuz_2.1a_Fregat-M.webp
Meridian-M n°22L,Soyuz 2.1a/Fregat-M,VKS RF,"Plesetsk Cosmodrome, Russia",NET 2026,,,https://storage.googleapis.com/nextspaceflight/media/rockets-thumb/Soyuz_2.1a_Fregat-M.webp
Demo Flight,Zéphyr,Latitude,"Guiana Space Centre, French Guiana, France",NET 2026,,,https://storage.googleapis.com/nextspaceflight/media/rockets-thumb/Z%C3%A9phyr.webp
Tundra n°7L,Angara A5/Blok DM-03,VKS RF,"Plesetsk Cosmodrome, Russia",NET 2026,,,https://storage.googleapis.com/nextspaceflight/media/rockets-thumb/Angara_A5_DM-03.webp
Demo Flight,Rokot-M/Briz KM-2,VKS RF,"Plesetsk Cosmodrome, Russia",NET 2026,,,https://storage.googleapis.com/nextspaceflight/media/rockets/default.jpg
LOTUSat-1 (Demo Flight),Epsilon S,IHI Aerospace,"Uchinoura Space Center, Japan",NET 2026,,,https://storage.googleapis.com/nextspaceflight/media/rockets/default.jpg
Chang'e 7,Long March 5,CASC,"Wenchang Space Launch Site, China",NET 2026,,,https://storage.googleapis.com/nextspaceflight/media/rockets-thumb/Long_March_5.webp
Demo Flight,Pallas 1,Galactic Energy,"Jiuquan Satellite Launch Center, China",NET 2026,,,https://storage.googleapis.com/nextspaceflight/media/rockets-thumb/Pallas_1.webp
Starliner-1,Atlas V N22,ULA,"Cape Canaveral SFS, Florida, USA",NET 2026,,,https://storage.googleapis.com/nextspaceflight/media/rockets-thumb/Atlas_V_N22_rocket.webp
Starliner-2,Atlas V N22,ULA,"Cape Canaveral SFS, Florida, USA",NET 2026,,,https://storage.googleapis.com/nextspaceflight/media/rockets-thumb/Atlas_V_N22_rocket.webp
TELNET n°01 to 30,Soyuz 2.1b/Fregat-M,Roscosmos,"Vostochny Cosmodrome, Russia",NET 2026,,,https://storage.googleapis.com/nextspaceflight/media/rockets-thumb/Soyuz_2.1b-Fregat-M.webp
TELNET n°31 to 60,Soyuz 2.1b/Fregat-M,Roscosmos,"Vostochny Cosmodrome, Russia",NET 2026,,,https://storage.googleapis.com/nextspaceflight/media/rockets-thumb/Soyuz_2.1b-Fregat-M.webp
Demo Flight,RFA One,RFA,"Shetland Space Centre, United Kingdom",NET 2026,,,https://storage.googleapis.com/nextspaceflight/media/rockets-thumb/RFA_One.webp
USSF-112,Vulcan VC4S,ULA,"Cape Canaveral SFS, Florida, USA",NET 2026,,,https://storage.googleapis.com/nextspaceflight/media/rockets-thumb/Vulcan%20VC4S.webp
Amazon Leo (LA-08),Atlas V 551,ULA,"Cape Canaveral SFS, Florida, USA",NET 2026,,,https://storage.googleapis.com/nextspaceflight/media/rockets-thumb/551.webp
Amazon Leo (LA-07),Atlas V 551,ULA,"Cape Canaveral SFS, Florida, USA",NET 2026,,,https://storage.googleapis.com/nextspaceflight/media/rockets-thumb/551.webp
Amazon Leo (LA-06),Atlas V 551,ULA,"Cape Canaveral SFS, Florida, USA",NET 2026,,,https://storage.googleapis.com/nextspaceflight/media/rockets-thumb/551.webp
Amazon Leo (LA-05),Atlas V 551,ULA,"Cape Canaveral SFS, Florida, USA",NET 2026,,,https://storage.googleapis.com/nextspaceflight/media/rockets-thumb/551.webp
OTB-2,Alpha Block 2,Firefly,"Vandenberg SFB, California, USA",NET 2026,,,https://storage.googleapis.com/nextspaceflight/media/rockets/default.jpg
EOS SAR 1,Alpha Block 2,Firefly,"Vandenberg SFB, California, USA",NET 2026,,,https://storage.googleapis.com/nextspaceflight/media/rockets/default.jpg
Amazon Leo (LV-02),Vulcan VC6L,ULA,"Cape Canaveral SFS, Florida, USA",NET 2026,,,https://storage.googleapis.com/nextspaceflight/media/rockets-thumb/header_vulcancentaur_forvulcanpage1.webp
Amazon Leo,New Glenn,Blue Origin,"Cape Canaveral SFS, Florida, USA",NET 2026,,,https://storage.googleapis.com/nextspaceflight/media/rockets-thumb/G51Yd4bbkAIzm_x.webp
HawkEye 360 Flight 3,Electron/Curie,Rocket Lab,"Māhia Peninsula, NZ or Wallops Flight Facility, USA",NET 2026,,,https://storage.googleapis.com/nextspaceflight/media/rockets-thumb/54387495948_b874311694.webp
USSF-23,Vulcan Centaur,ULA,"Cape Canaveral SFS, Florida, USA",NET 2026,,,https://storage.googleapis.com/nextspaceflight/media/rockets-thumb/Vulcan_Centaur.webp
USSF-43 (ROOSTER-4),Vulcan Centaur,ULA,"Cape Canaveral SFS, Florida, USA",NET 2026,,,https://storage.googleapis.com/nextspaceflight/media/rockets-thumb/Vulcan_Centaur.webp
USSF-16,Vulcan Centaur,ULA,"Cape Canaveral SFS, Florida, USA",NET 2026,,,https://storage.googleapis.com/nextspaceflight/media/rockets-thumb/Vulcan_Centaur.webp
WGS-11+,Vulcan Centaur,ULA,"Cape Canaveral SFS, Florida, USA",NET 2026,,,https://storage.googleapis.com/nextspaceflight/media/rockets-thumb/Vulcan_Centaur.webp
SpaceX Crew-13,Falcon 9 Block 5,SpaceX,"Cape Canaveral SFS, Florida, USA",NET 2026,,,https://storage.googleapis.com/nextspaceflight/media/rockets-thumb/Falcon_9_Block_5.webp
CRS NG-22,Falcon 9 Block 5,SpaceX,"SLC-40 or LC-39A, Florida, USA",NET 2026,,,https://storage.googleapis.com/nextspaceflight/media/rockets-thumb/Falcon_9_Block_5.webp
Michibiki 7,H3-22S,MHI,"Tanegashima Space Center, Japan",NET 2026,,,https://storage.googleapis.com/nextspaceflight/media/rockets-thumb/18f227d6e1d2e4970ef77bcaa274c9ca.webp
BlackSky Global 5 & 6,SSLV,ISRO,"Satish Dhawan Space Centre, India",NET 2026,,,https://storage.googleapis.com/nextspaceflight/media/rockets-thumb/SSLV.webp
IRIDE Mission 1,Vega C,Avio,"Guiana Space Centre, French Guiana, France",NET 2026,,,https://storage.googleapis.com/nextspaceflight/media/rockets-thumb/Vega-C.webp
IRIDE Mission 2,Vega C,Avio,"Guiana Space Centre, French Guiana, France",NET 2026,,,https://storage.googleapis.com/nextspaceflight/media/rockets-thumb/Vega-C.webp
Blue Moon Pathfinder Mission 1,New Glenn,Blue Origin,"Cape Canaveral SFS, Florida, USA",NET 2026,,,https://storage.googleapis.com/nextspaceflight/media/rockets-thumb/G51Yd4bbkAIzm_x.webp
Elytra Mission 1 & Others,New Glenn,Blue Origin,"Cape Canaveral SFS, Florida, USA",NET 2026,,,https://storage.googleapis.com/nextspaceflight/media/rockets-thumb/G51Yd4bbkAIzm_x.webp
USSF-261S-A (EWS-OD 1),Minotaur IV,Northrop,"Vandenberg SFB, California, USA",NET 2026,,,https://storage.googleapis.com/nextspaceflight/media/rockets-thumb/MinotaurIV.webp
Tranche 1 Tracking Layer D,Vulcan Centaur,ULA,"Vandenberg SFB, California, USA",NET 2026,,,https://storage.googleapis.com/nextspaceflight/media/rockets-thumb/Vulcan_Centaur.webp
USSF-114,Vulcan Centaur,ULA,"Vandenberg SFB, California, USA",NET 2026,,,https://storage.googleapis.com/nextspaceflight/media/rockets-thumb/Vulcan_Centaur.webp
NROL-83,Vulcan Centaur,ULA,"Vandenberg SFB, California, USA",NET 2026,,,https://storage.googleapis.com/nextspaceflight/media/rockets-thumb/Vulcan_Centaur.webp
USSF-31,Falcon 9 Block 5,SpaceX,"SLC-40 or LC-39A, Florida, USA",NET 2026,,,https://storage.googleapis.com/nextspaceflight/media/rockets-thumb/Falcon_9_Block_5.webp
BlackSky Gen-3 Mission 4,Electron/Curie,Rocket Lab,"Māhia Peninsula, New Zealand",NET 2026,,,https://storage.googleapis.com/nextspaceflight/media/rockets-thumb/54387495948_b874311694.webp
BlackSky Gen-3 Mission 5,Electron/Curie,Rocket Lab,"Māhia Peninsula, New Zealand",NET 2026,,,https://storage.googleapis.com/nextspaceflight/media/rockets-thumb/54387495948_b874311694.webp
Demo Flight,Eclipse,Firefly,"Wallops Flight Facility, Virginia, USA",NET 2026,,,https://storage.googleapis.com/nextspaceflight/media/rockets-thumb/54552064013_8e907d38cc_o.webp
L3Harris Launch 1,Alpha Block 2,Firefly,"Vandenberg SFB, California, USA",NET 2026,,,https://storage.googleapis.com/nextspaceflight/media/rockets/default.jpg
L3Harris Launch 2,Alpha Block 2,Firefly,"Vandenberg SFB, California, USA",NET 2026,,,https://storage.googleapis.com/nextspaceflight/media/rockets/default.jpg
L3Harris Launch 3,Alpha Block 2,Firefly,"Vandenberg SFB, California, USA",NET 2026,,,https://storage.googleapis.com/nextspaceflight/media/rockets/default.jpg
Tranche 2 Transport Layer A,Falcon 9 Block 5,SpaceX,"Vandenberg SFB, California, USA",NET 2026,,,https://storage.googleapis.com/nextspaceflight/media/rockets-thumb/Falcon_9_Block_5.webp
Tranche 2 Transport Layer B,Vulcan Centaur,ULA,"Vandenberg SFB, California, USA",NET 2026,,,https://storage.googleapis.com/nextspaceflight/media/rockets-thumb/Vulcan_Centaur.webp
NROL-118 (SILENTBARKER 2),Vulcan Centaur,ULA,"Cape Canaveral SFS, Florida, USA",NET 2026,,,https://storage.googleapis.com/nextspaceflight/media/rockets-thumb/Vulcan_Centaur.webp
NROL-56,Vulcan Centaur,ULA,"Cape Canaveral SFS, Florida, USA",NET 2026,,,https://storage.googleapis.com/nextspaceflight/media/rockets-thumb/Vulcan_Centaur.webp
NROL-73,Vulcan Centaur,ULA,"Vandenberg SFB, California, USA",NET 2026,,,https://storage.googleapis.com/nextspaceflight/media/rockets-thumb/Vulcan_Centaur.webp
NROL-100,Vulcan Centaur,ULA,"Vandenberg SFB, California, USA",NET 2026,,,https://storage.googleapis.com/nextspaceflight/media/rockets-thumb/Vulcan_Centaur.webp
NROL-109,Vulcan Centaur,ULA,"Cape Canaveral SFS, Florida, USA",NET 2026,,,https://storage.googleapis.com/nextspaceflight/media/rockets-thumb/Vulcan_Centaur.webp
STP-5 (SIRI-3 & PUMA),Vulcan Centaur,ULA,"Cape Canaveral SFS, Florida, USA",NET 2026,,,https://storage.googleapis.com/nextspaceflight/media/rockets-thumb/Vulcan_Centaur.webp
Second Flight,Tianlong 3,Space Pioneer,"Wenchang Space Launch Site, China",NET 2026,,,https://storage.googleapis.com/nextspaceflight/media/rockets-thumb/Tianlong-3.webp
Third Flight,Tianlong 3,Space Pioneer,"Jiuquan Satellite Launch Center, China",NET 2026,,,https://storage.googleapis.com/nextspaceflight/media/rockets-thumb/Tianlong-3.webp
Amazon Leo,New Glenn,Blue Origin,"Cape Canaveral SFS, Florida, USA",NET 2026,,,https://storage.googleapis.com/nextspaceflight/media/rockets-thumb/G51Yd4bbkAIzm_x.webp
Amazon Leo,New Glenn,Blue Origin,"Cape Canaveral SFS, Florida, USA",NET 2026,,,https://storage.googleapis.com/nextspaceflight/media/rockets-thumb/G51Yd4bbkAIzm_x.webp
Amazon Leo,New Glenn,Blue Origin,"Cape Canaveral SFS, Florida, USA",NET 2026,,,https://storage.googleapis.com/nextspaceflight/media/rockets-thumb/G51Yd4bbkAIzm_x.webp
Amazon Leo,New Glenn,Blue Origin,"Cape Canaveral SFS, Florida, USA",NET 2026,,,https://storage.googleapis.com/nextspaceflight/media/rockets-thumb/G51Yd4bbkAIzm_x.webp
Amazon Leo,New Glenn,Blue Origin,"Cape Canaveral SFS, Florida, USA",NET 2026,,,https://storage.googleapis.com/nextspaceflight/media/rockets-thumb/G51Yd4bbkAIzm_x.webp
Amazon Leo,New Glenn,Blue Origin,"Cape Canaveral SFS, Florida, USA",NET 2026,,,https://storage.googleapis.com/nextspaceflight/media/rockets-thumb/G51Yd4bbkAIzm_x.webp
Amazon Leo,New Glenn,Blue Origin,"Cape Canaveral SFS, Florida, USA",NET 2026,,,https://storage.googleapis.com/nextspaceflight/media/rockets-thumb/G51Yd4bbkAIzm_x.webp
Amazon Leo,New Glenn,Blue Origin,"Cape Canaveral SFS, Florida, USA",NET 2026,,,https://storage.googleapis.com/nextspaceflight/media/rockets-thumb/G51Yd4bbkAIzm_x.webp
Amazon Leo,New Glenn,Blue Origin,"Cape Canaveral SFS, Florida, USA",NET 2026,,,https://storage.googleapis.com/nextspaceflight/media/rockets-thumb/G51Yd4bbkAIzm_x.webp
Amazon Leo,New Glenn,Blue Origin,"Cape Canaveral SFS, Florida, USA",NET 2026,,,https://storage.googleapis.com/nextspaceflight/media/rockets-thumb/G51Yd4bbkAIzm_x.webp
Amazon Leo,New Glenn,Blue Origin,"Cape Canaveral SFS, Florida, USA",NET 2026,,,https://storage.googleapis.com/nextspaceflight/media/rockets-thumb/G51Yd4bbkAIzm_x.webp
Amazon Leo (LE-04),Ariane 64,Arianespace,"Guiana Space Centre, French Guiana, France",NET 2026,,,https://storage.googleapis.com/nextspaceflight/media/rockets-thumb/P103078_HD.webp
Amazon Leo (LV-03),Vulcan VC6L,ULA,"Cape Canaveral SFS, Florida, USA",NET 2026,,,https://storage.googleapis.com/nextspaceflight/media/rockets-thumb/header_vulcancentaur_forvulcanpage1.webp
Amazon Leo (LV-04),Vulcan VC6L,ULA,"Cape Canaveral SFS, Florida, USA",NET 2026,,,https://storage.googleapis.com/nextspaceflight/media/rockets-thumb/header_vulcancentaur_forvulcanpage1.webp
Amazon Leo (LV-05),Vulcan VC6L,ULA,"Cape Canaveral SFS, Florida, USA",NET 2026,,,https://storage.googleapis.com/nextspaceflight/media/rockets-thumb/header_vulcancentaur_forvulcanpage1.webp
Amazon Leo (LV-06),Vulcan VC6L,ULA,"Cape Canaveral SFS, Florida, USA",NET 2026,,,https://storage.googleapis.com/nextspaceflight/media/rockets-thumb/header_vulcancentaur_forvulcanpage1.webp
Amazon Leo (LV-07),Vulcan VC6L,ULA,"Cape Canaveral SFS, Florida, USA",NET 2026,,,https://storage.googleapis.com/nextspaceflight/media/rockets-thumb/header_vulcancentaur_forvulcanpage1.webp
Amazon Leo (LV-08),Vulcan VC6L,ULA,"Cape Canaveral SFS, Florida, USA",NET 2026,,,https://storage.googleapis.com/nextspaceflight/media/rockets-thumb/header_vulcancentaur_forvulcanpage1.webp
Amazon Leo (LV-09),Vulcan VC6L,ULA,"Cape Canaveral SFS, Florida, USA",NET 2026,,,https://storage.googleapis.com/nextspaceflight/media/rockets-thumb/header_vulcancentaur_forvulcanpage1.webp
Amazon Leo (LV-10),Vulcan VC6L,ULA,"Cape Canaveral SFS, Florida, USA",NET 2026,,,https://storage.googleapis.com/nextspaceflight/media/rockets-thumb/header_vulcancentaur_forvulcanpage1.webp
Amazon Leo (LV-11),Vulcan VC6L,ULA,"Cape Canaveral SFS, Florida, USA",NET 2026,,,https://storage.googleapis.com/nextspaceflight/media/rockets-thumb/header_vulcancentaur_forvulcanpage1.webp
Amazon Leo (LV-12),Vulcan VC6L,ULA,"Cape Canaveral SFS, Florida, USA",NET 2026,,,https://storage.googleapis.com/nextspaceflight/media/rockets-thumb/header_vulcancentaur_forvulcanpage1.webp
Glonass-K1 n°19L,Soyuz 2.1b/Fregat-M,VKS RF,"Plesetsk Cosmodrome, Russia",NET 2026,,,https://storage.googleapis.com/nextspaceflight/media/rockets-thumb/Soyuz_2.1b-Fregat-M.webp
GaganYaan G3,LVM-3,ISRO,"Satish Dhawan Space Centre, India",NET 2026,,,https://storage.googleapis.com/nextspaceflight/media/rockets-thumb/p1.webp
TDS-01,PSLV-XL,ISRO,"Satish Dhawan Space Centre, India",NET 2026,,,https://storage.googleapis.com/nextspaceflight/media/rockets-thumb/028A2917.webp
Acadia Mission 4,Electron/Curie,Rocket Lab,"Māhia Peninsula, NZ or Wallops Flight Facility, USA",NET 2026,,,https://storage.googleapis.com/nextspaceflight/media/rockets-thumb/54387495948_b874311694.webp
TacSat,Alpha Block 2,Firefly,"Vandenberg SFB, California, USA",NET 2026,,,https://storage.googleapis.com/nextspaceflight/media/rockets/default.jpg
StriX Launch 9,Electron/Curie,Rocket Lab,"Māhia Peninsula, New Zealand",NET 2026,,,https://storage.googleapis.com/nextspaceflight/media/rockets-thumb/54387495948_b874311694.webp
StriX Launch 10,Electron/Curie,Rocket Lab,"Māhia Peninsula, New Zealand",NET 2026,,,https://storage.googleapis.com/nextspaceflight/media/rockets-thumb/54387495948_b874311694.webp
StriX Launch 11,Electron/Curie,Rocket Lab,"Māhia Peninsula, New Zealand",NET 2026,,,https://storage.googleapis.com/nextspaceflight/media/rockets-thumb/54387495948_b874311694.webp
StriX Launch 12,Electron/Curie,Rocket Lab,"Māhia Peninsula, New Zealand",NET 2026,,,https://storage.googleapis.com/nextspaceflight/media/rockets-thumb/54387495948_b874311694.webp
StriX Launch 13,Electron/Curie,Rocket Lab,"Māhia Peninsula, New Zealand",NET 2026,,,https://storage.googleapis.com/nextspaceflight/media/rockets-thumb/54387495948_b874311694.webp
Tranche 2 Transport Layer E,Falcon 9 Block 5,SpaceX,"Vandenberg SFB, California, USA",NET 2026,,,https://storage.googleapis.com/nextspaceflight/media/rockets-thumb/Falcon_9_Block_5.webp
BlueBird Block 2,Falcon 9 Block 5,SpaceX,"SLC-40 or LC-39A, Florida, USA",NET 2026,,,https://storage.googleapis.com/nextspaceflight/media/rockets-thumb/Falcon_9_Block_5.webp
BlueBird Block 2 FM3 to 5,Falcon 9 Block 5,SpaceX,"SLC-40 or LC-39A, Florida, USA",NET 2026,,,https://storage.googleapis.com/nextspaceflight/media/rockets-thumb/Falcon_9_Block_5.webp
IDRSS-02,GSLV Mk II,ISRO,"Satish Dhawan Space Centre, India",NET 2026,,,https://storage.googleapis.com/nextspaceflight/media/rockets-thumb/gslv_f16_002.webp
EOS-10 (Oceansat-3A) & Others,PSLV-XL,ISRO,"Satish Dhawan Space Centre, India",NET 2026,,,https://storage.googleapis.com/nextspaceflight/media/rockets-thumb/028A2917.webp
iQPS Mission 7,Electron/Curie,Rocket Lab,"Māhia Peninsula, New Zealand",NET 2026,,,https://storage.googleapis.com/nextspaceflight/media/rockets-thumb/54387495948_b874311694.webp
iQPS Mission 8,Electron/Curie,Rocket Lab,"Māhia Peninsula, New Zealand",NET 2026,,,https://storage.googleapis.com/nextspaceflight/media/rockets-thumb/54387495948_b874311694.webp
NVS-03 (IRNSS-1L),GSLV Mk II,ISRO,"Satish Dhawan Space Centre, India",NET 2026,,,https://storage.googleapis.com/nextspaceflight/media/rockets-thumb/gslv_f16_002.webp
Globalstar Third Gen Sat Mission 2,Falcon 9 Block 5,SpaceX,"SLC-40 or LC-39A, Florida, USA",NET 2026,,,https://storage.googleapis.com/nextspaceflight/media/rockets-thumb/Falcon_9_Block_5.webp
VICTUS SOL,Alpha Block 2,Firefly,"Vandenberg SFB, California, USA",NET 2026,,,https://storage.googleapis.com/nextspaceflight/media/rockets/default.jpg
CASSINI,Spectrum,Isar,"Andøya Rocket Range, Nordland, Norway",NET 2026,,,https://storage.googleapis.com/nextspaceflight/media/rockets-thumb/Spectrum%20Flight%201.webp
Tom & Jerry,Spectrum,Isar,"Andøya Rocket Range, Nordland, Norway",NET 2026,,,https://storage.googleapis.com/nextspaceflight/media/rockets-thumb/Spectrum%20Flight%201.webp
iQPS Mission 9,Electron/Curie,Rocket Lab,"Māhia Peninsula, New Zealand",NET 2026,,,https://storage.googleapis.com/nextspaceflight/media/rockets-thumb/54387495948_b874311694.webp
iQPS Mission 10,Electron/Curie,Rocket Lab,"Māhia Peninsula, New Zealand",NET 2026,,,https://storage.googleapis.com/nextspaceflight/media/rockets-thumb/54387495948_b874311694.webp
iQPS Mission 11,Electron/Curie,Rocket Lab,"Māhia Peninsula, New Zealand",NET 2026,,,https://storage.googleapis.com/nextspaceflight/media/rockets-thumb/54387495948_b874311694.webp
Demo Flight,Vikram-I,Skyroot,"Satish Dhawan Space Centre, India",NET 2026,,,https://storage.googleapis.com/nextspaceflight/media/rockets-thumb/Vikram-Iupright.webp
Demo Flight,Nova,Stoke Space,"Cape Canaveral SFS, Florida, USA",NET 2026,,,https://storage.googleapis.com/nextspaceflight/media/rockets-thumb/Nova.webp
Demo Flight,Hyperbola 3,iSpace,"Wenchang Space Launch Site, China",NET 2026,,,https://storage.googleapis.com/nextspaceflight/media/rockets/default.jpg
Demo Flight,Gravity 2,Orienspace,"Haiyang Oriental Spaceport, China",NET 2026,,,https://storage.googleapis.com/nextspaceflight/media/rockets/default.jpg
Demo Flight,Long March 10A,CASC,"Wenchang Space Launch Site, China",NET 2026,,,https://storage.googleapis.com/nextspaceflight/media/rockets/default.jpg
Demo Flight,Nebula 1,DBA Space,"Jiuquan Satellite Launch Center, China",NET 2026,,,https://storage.googleapis.com/nextspaceflight/media/rockets/default.jpg
Demo Flight,Maia,MaiaSpace,"Guiana Space Centre, French Guiana, France",NET 2026,,,https://storage.googleapis.com/nextspaceflight/media/rockets-thumb/MaiaSPace.webp
EchoStar Lyra-2,Electron/Curie,Rocket Lab,"Māhia Peninsula, New Zealand",NET 2026,,,https://storage.googleapis.com/nextspaceflight/media/rockets-thumb/54387495948_b874311694.webp
NVS-04 (IRNSS-1M),GSLV Mk II,ISRO,"Satish Dhawan Space Centre, India",NET 2026,,,https://storage.googleapis.com/nextspaceflight/media/rockets-thumb/gslv_f16_002.webp
Amazon Leo (LF-04),Falcon 9 Block 5,SpaceX,"Cape Canaveral SFS, Florida, USA",NET 2026,,,https://storage.googleapis.com/nextspaceflight/media/rockets-thumb/Falcon_9_Block_5.webp
Amazon Leo (LF-05),Falcon 9 Block 5,SpaceX,"Cape Canaveral SFS, Florida, USA",NET 2026,,,https://storage.googleapis.com/nextspaceflight/media/rockets-thumb/Falcon_9_Block_5.webp
Amazon Leo (LF-06),Falcon 9 Block 5,SpaceX,"Cape Canaveral SFS, Florida, USA",NET 2026,,,https://storage.googleapis.com/nextspaceflight/media/rockets-thumb/Falcon_9_Block_5.webp
Amazon Leo (LF-07),Falcon 9 Block 5,SpaceX,"Cape Canaveral SFS, Florida, USA",NET 2026,,,https://storage.googleapis.com/nextspaceflight/media/rockets-thumb/Falcon_9_Block_5.webp
Amazon Leo (LF-08),Falcon 9 Block 5,SpaceX,"Cape Canaveral SFS, Florida, USA",NET 2026,,,https://storage.googleapis.com/nextspaceflight/media/rockets-thumb/Falcon_9_Block_5.webp
Amazon Leo (LF-09),Falcon 9 Block 5,SpaceX,"Cape Canaveral SFS, Florida, USA",NET 2026,,,https://storage.googleapis.com/nextspaceflight/media/rockets-thumb/Falcon_9_Block_5.webp
Amazon Leo (LF-10),Falcon 9 Block 5,SpaceX,"Cape Canaveral SFS, Florida, USA",NET 2026,,,https://storage.googleapis.com/nextspaceflight/media/rockets-thumb/Falcon_9_Block_5.webp
Amazon Leo (LF-11),Falcon 9 Block 5,SpaceX,"Cape Canaveral SFS, Florida, USA",NET 2026,,,https://storage.googleapis.com/nextspaceflight/media/rockets-thumb/Falcon_9_Block_5.webp
Amazon Leo (LF-12),Falcon 9 Block 5,SpaceX,"Cape Canaveral SFS, Florida, USA",NET 2026,,,https://storage.googleapis.com/nextspaceflight/media/rockets-thumb/Falcon_9_Block_5.webp
Amazon Leo (LF-13),Falcon 9 Block 5,SpaceX,"Cape Canaveral SFS, Florida, USA",NET 2026,,,https://storage.googleapis.com/nextspaceflight/media/rockets-thumb/Falcon_9_Block_5.webp
PLATO (Exoplanet Telescope),Ariane 62,Arianespace,"Guiana Space Centre, French Guiana, France","NET January, 2027",,,https://storage.googleapis.com/nextspaceflight/media/rockets-thumb/Ariane%2062.webp
Tranche 2 Transport Layer C,Falcon 9 Block 5,SpaceX,"SLC-40 or LC-39A, Florida, USA","NET January, 2027",,,https://storage.googleapis.com/nextspaceflight/media/rockets-thumb/Falcon_9_Block_5.webp
Axiom Mission 5 (Ax-5),Falcon 9 Block 5,SpaceX,"Cape Canaveral SFS, Florida, USA","NET January, 2027",,,https://storage.googleapis.com/nextspaceflight/media/rockets-thumb/Falcon_9_Block_5.webp
Transporter 19,Falcon 9 Block 5,SpaceX,"CCSFS/KSC, Florida or VSFB, California, USA","NET February, 2027",,,https://storage.googleapis.com/nextspaceflight/media/rockets-thumb/Falcon_9_Block_5.webp
Trinity,Falcon 9 Block 5,SpaceX,"SLC-40 or LC-39A, Florida, USA","NET February, 2027",,,https://storage.googleapis.com/nextspaceflight/media/rockets-thumb/Falcon_9_Block_5.webp
Uncrewed Lunar Demo,Starship HLS,SpaceX,"Kennedy Space Center, Florida, USA","NET March, 2027",,,https://storage.googleapis.com/nextspaceflight/media/rockets-thumb/IMG_4358.webp
GaganYaan H1 (Crewed Flight),LVM-3,ISRO,"Satish Dhawan Space Centre, India","NET 1st Quarter, 2027",,,https://storage.googleapis.com/nextspaceflight/media/rockets-thumb/p1.webp
Galileo FOC FM29-FM30,Ariane 62,Arianespace,"Guiana Space Centre, French Guiana, France","NET 1st Quarter, 2027",,,https://storage.googleapis.com/nextspaceflight/media/rockets-thumb/Ariane%2062.webp
Haven-1,Falcon 9 Block 5,SpaceX,"SLC-40 or LC-39A, Florida, USA","NET 1st Quarter, 2027",,,https://storage.googleapis.com/nextspaceflight/media/rockets-thumb/Falcon_9_Block_5.webp
Intelsat IS-45,Ariane 64,Arianespace,"Guiana Space Centre, French Guiana, France","NET 1st Quarter, 2027",,,https://storage.googleapis.com/nextspaceflight/media/rockets-thumb/P103078_HD.webp
Tranche 2 Transport Layer I,Falcon 9 Block 5,SpaceX,"SLC-40 or LC-39A, Florida, USA","NET May, 2027",,,https://storage.googleapis.com/nextspaceflight/media/rockets-thumb/Falcon_9_Block_5.webp
Transporter 20,Falcon 9 Block 5,SpaceX,"CCSFS/KSC, Florida or VSFB, California, USA","NET June, 2027",,,https://storage.googleapis.com/nextspaceflight/media/rockets-thumb/Falcon_9_Block_5.webp
Tranche 2 Transport Layer J,Falcon 9 Block 5,SpaceX,"SLC-40 or LC-39A, Florida, USA","NET June, 2027",,,https://storage.googleapis.com/nextspaceflight/media/rockets-thumb/Falcon_9_Block_5.webp
USSF-95,Vulcan Centaur,ULA,"Cape Canaveral SFS, Florida, USA","NET 2nd Quarter, 2027",,,https://storage.googleapis.com/nextspaceflight/media/rockets-thumb/Vulcan_Centaur.webp
ISSA-J1,PSLV,ISRO,"Satish Dhawan Space Centre, India","NET 2nd Quarter, 2027",,,https://storage.googleapis.com/nextspaceflight/media/rockets-thumb/pslv.webp
Tranche 2 Tracking Layer,Falcon 9 Block 5,SpaceX,"CCSFS/KSC, Florida or VSFB, California, USA","NET 2nd Quarter, 2027",,,https://storage.googleapis.com/nextspaceflight/media/rockets-thumb/Falcon_9_Block_5.webp
Tranche 2 Tracking Layer,Falcon 9 Block 5,SpaceX,"CCSFS/KSC, Florida or VSFB, California, USA","NET 2nd Quarter, 2027",,,https://storage.googleapis.com/nextspaceflight/media/rockets-thumb/Falcon_9_Block_5.webp
Artemis III,SLS Block 1,NASA,"Kennedy Space Center, Florida, USA","NET 1st Half, 2027",,,https://storage.googleapis.com/nextspaceflight/media/rockets-thumb/SLS_Block_1.webp
ETS-9,H3-22L,MHI,"Tanegashima Space Center, Japan","NET 1st Half, 2027",,,https://storage.googleapis.com/nextspaceflight/media/rockets-thumb/flkjdshfklujaghsdoiufgtdasuyifbapisjdk.webp
VAST-1,Falcon 9 Block 5,SpaceX,"Cape Canaveral SFS, Florida, USA","NET 1st Half, 2027",,,https://storage.googleapis.com/nextspaceflight/media/rockets-thumb/Falcon_9_Block_5.webp
Tranche 2 Transport Layer F,Falcon 9 Block 5,SpaceX,"Vandenberg SFB, California, USA","NET 1st Half, 2027",,,https://storage.googleapis.com/nextspaceflight/media/rockets-thumb/Falcon_9_Block_5.webp
Tranche 2 Transport Layer G,Falcon 9 Block 5,SpaceX,"Vandenberg SFB, California, USA","NET 1st Half, 2027",,,https://storage.googleapis.com/nextspaceflight/media/rockets-thumb/Falcon_9_Block_5.webp
Tranche 2 Transport Layer H,Falcon 9 Block 5,SpaceX,"Vandenberg SFB, California, USA","NET 1st Half, 2027",,,https://storage.googleapis.com/nextspaceflight/media/rockets-thumb/Falcon_9_Block_5.webp
CSG-4,Vega C,Avio,"Guiana Space Centre, French Guiana, France","NET 1st Half, 2027",,,https://storage.googleapis.com/nextspaceflight/media/rockets-thumb/Vega-C.webp
Compton Spectrometer and Imager (COSI),Falcon 9 Block 5,SpaceX,"SLC-40 or LC-39A, Florida, USA","NET August, 2027",,,https://storage.googleapis.com/nextspaceflight/media/rockets-thumb/Falcon_9_Block_5.webp
Earth Return Orbiter (ERO),Ariane 64,Arianespace,"Guiana Space Centre, French Guiana, France","NET September, 2027",,,https://storage.googleapis.com/nextspaceflight/media/rockets-thumb/P103078_HD.webp
Altius,Vega C,Avio,"Guiana Space Centre, French Guiana, France","NET September, 2027",,,https://storage.googleapis.com/nextspaceflight/media/rockets-thumb/Vega-C.webp
Vast ISS Mission 1,Falcon 9 Block 5,SpaceX,"Cape Canaveral SFS, Florida, USA","NET 3rd Quarter, 2027",,,https://storage.googleapis.com/nextspaceflight/media/rockets-thumb/Falcon_9_Block_5.webp
Arabsat 7A,Falcon 9 Block 5,SpaceX,"SLC-40 or LC-39A, Florida, USA","NET October, 2027",,,https://storage.googleapis.com/nextspaceflight/media/rockets-thumb/Falcon_9_Block_5.webp
Transporter 21,Falcon 9 Block 5,SpaceX,"CCSFS/KSC, Florida or VSFB, California, USA","NET October, 2027",,,https://storage.googleapis.com/nextspaceflight/media/rockets-thumb/Falcon_9_Block_5.webp
Sentinel CO2M-A,Vega C,Avio,"Guiana Space Centre, French Guiana, France","NET November, 2027",,,https://storage.googleapis.com/nextspaceflight/media/rockets-thumb/Vega-C.webp
Arktika-M n°5,Soyuz 2.1b/Fregat-M,Roscosmos,"Baikonur Cosmodrome, Kazakhstan",NET 2027,,,https://storage.googleapis.com/nextspaceflight/media/rockets-thumb/Soyuz_2.1b-Fregat-M.webp
Superbird-9,Cargo Starship,SpaceX,"Kennedy Space Center, Florida, USA",NET 2027,,,https://storage.googleapis.com/nextspaceflight/media/rockets-thumb/Cargo_Starship.webp
HellasSat 5,Ariane 64,Arianespace,"Guiana Space Centre, French Guiana, France",NET 2027,,,https://storage.googleapis.com/nextspaceflight/media/rockets-thumb/P103078_HD.webp
NEM-1,Angara A5M,Roscosmos,"Vostochny Cosmodrome, Russia","NET 4th Quarter, 2027",,,https://storage.googleapis.com/nextspaceflight/media/rockets/default.jpg
Blue Moon Pathfinder Mission 2 & VIPER,New Glenn,Blue Origin,"Cape Canaveral SFS, Florida, USA","NET 4th Quarter, 2027",,,https://storage.googleapis.com/nextspaceflight/media/rockets-thumb/G51Yd4bbkAIzm_x.webp
FORUM,Vega C,Avio,"Guiana Space Centre, French Guiana, France","NET 4th Quarter, 2027",,,https://storage.googleapis.com/nextspaceflight/media/rockets-thumb/Vega-C.webp
Al Yah 4,Falcon 9 Block 5,SpaceX,"SLC-40 or LC-39A, Florida, USA","NET 2nd Half, 2027",,,https://storage.googleapis.com/nextspaceflight/media/rockets-thumb/Falcon_9_Block_5.webp
GEO-KOMPSAT 3,Falcon 9 Block 5,SpaceX,"SLC-40 or LC-39A, Florida, USA","NET 2nd Half, 2027",,,https://storage.googleapis.com/nextspaceflight/media/rockets-thumb/Falcon_9_Block_5.webp
Nova-C IM-4,Falcon 9 Block 5,SpaceX,"Kennedy Space Center, Florida, USA","NET 2nd Half, 2027",,,https://storage.googleapis.com/nextspaceflight/media/rockets-thumb/Falcon_9_Block_5.webp
CRS SNC-2,Vulcan VC4L,ULA,"Cape Canaveral SFS, Florida, USA",NET 2027,,,https://storage.googleapis.com/nextspaceflight/media/rockets-thumb/Vulcan%20VC4L.webp
CRS SNC-3,Vulcan VC4L,ULA,"Cape Canaveral SFS, Florida, USA",NET 2027,,,https://storage.googleapis.com/nextspaceflight/media/rockets-thumb/Vulcan%20VC4L.webp
Xuntian Telescope,Long March 5B,CASC,"Wenchang Space Launch Site, China",NET 2027,,,https://storage.googleapis.com/nextspaceflight/media/rockets-thumb/Long_March_5B_rocket.webp
Galileo-2 FM1-FM2,Ariane 62,Arianespace,"Guiana Space Centre, French Guiana, France",NET 2027,,,https://storage.googleapis.com/nextspaceflight/media/rockets-thumb/Ariane%2062.webp
Galileo-2 FM3-FM4,Ariane 62,Arianespace,"Guiana Space Centre, French Guiana, France",NET 2027,,,https://storage.googleapis.com/nextspaceflight/media/rockets-thumb/Ariane%2062.webp
Starliner-3,Atlas V N22,ULA,"Cape Canaveral SFS, Florida, USA",NET 2027,,,https://storage.googleapis.com/nextspaceflight/media/rockets-thumb/Atlas_V_N22_rocket.webp
Arktika-M n°3,Soyuz 2.1b/Fregat-M,Roscosmos,"Baikonur Cosmodrome, Kazakhstan",NET 2027,,,https://storage.googleapis.com/nextspaceflight/media/rockets-thumb/Soyuz_2.1b-Fregat-M.webp
Arktika-M n°4,Soyuz 2.1b/Fregat-M,Roscosmos,"Baikonur Cosmodrome, Kazakhstan",NET 2027,,,https://storage.googleapis.com/nextspaceflight/media/rockets-thumb/Soyuz_2.1b-Fregat-M.webp
CRISTAL,Vega C,Avio,"Guiana Space Centre, French Guiana, France",NET 2027,,,https://storage.googleapis.com/nextspaceflight/media/rockets-thumb/Vega-C.webp
Gateway PPE & HALO,Falcon Heavy,SpaceX,"Kennedy Space Center, Florida, USA",NET 2027,,,https://storage.googleapis.com/nextspaceflight/media/rockets-thumb/Falcon%20Heavy%20Block%205.webp
Starliner-4,Atlas V N22,ULA,"Cape Canaveral SFS, Florida, USA",NET 2027,,,https://storage.googleapis.com/nextspaceflight/media/rockets-thumb/Atlas_V_N22_rocket.webp
Skynet 6A,Falcon 9 Block 5,SpaceX,"Cape Canaveral SFS, Florida, USA",NET 2027,,,https://storage.googleapis.com/nextspaceflight/media/rockets-thumb/Falcon_9_Block_5.webp
SpaceX Crew-14,Falcon 9 Block 5,SpaceX,"Cape Canaveral SFS, Florida, USA",NET 2027,,,https://storage.googleapis.com/nextspaceflight/media/rockets-thumb/Falcon_9_Block_5.webp
HTV-X 3,H3-24W,MHI,"Tanegashima Space Center, Japan",NET 2027,,,https://storage.googleapis.com/nextspaceflight/media/rockets-thumb/e9432c0c2b37ff96b2ce66b7bb33d081.webp
Astrolab Mission 1,Starship HLS,SpaceX,"Kennedy Space Center, Florida, USA",NET 2027,,,https://storage.googleapis.com/nextspaceflight/media/rockets-thumb/IMG_4358.webp
Telesat Lightspeed Mission 1,Falcon 9 Block 5,SpaceX,"CCSFS/KSC, Florida or VSFB, California, USA",NET 2027,,,https://storage.googleapis.com/nextspaceflight/media/rockets-thumb/Falcon_9_Block_5.webp
Telesat Lightspeed Mission 2,Falcon 9 Block 5,SpaceX,"CCSFS/KSC, Florida or VSFB, California, USA",NET 2027,,,https://storage.googleapis.com/nextspaceflight/media/rockets-thumb/Falcon_9_Block_5.webp
Telesat Lightspeed Mission 3,Falcon 9 Block 5,SpaceX,"CCSFS/KSC, Florida or VSFB, California, USA",NET 2027,,,https://storage.googleapis.com/nextspaceflight/media/rockets-thumb/Falcon_9_Block_5.webp
Telesat Lightspeed Mission 4,Falcon 9 Block 5,SpaceX,"CCSFS/KSC, Florida or VSFB, California, USA",NET 2027,,,https://storage.googleapis.com/nextspaceflight/media/rockets-thumb/Falcon_9_Block_5.webp
Telesat Lightspeed Mission 5,Falcon 9 Block 5,SpaceX,"CCSFS/KSC, Florida or VSFB, California, USA",NET 2027,,,https://storage.googleapis.com/nextspaceflight/media/rockets-thumb/Falcon_9_Block_5.webp
Telesat Lightspeed Mission 6,Falcon 9 Block 5,SpaceX,"CCSFS/KSC, Florida or VSFB, California, USA",NET 2027,,,https://storage.googleapis.com/nextspaceflight/media/rockets-thumb/Falcon_9_Block_5.webp
Telesat Lightspeed Mission 7,Falcon 9 Block 5,SpaceX,"CCSFS/KSC, Florida or VSFB, California, USA",NET 2027,,,https://storage.googleapis.com/nextspaceflight/media/rockets-thumb/Falcon_9_Block_5.webp
Telesat Lightspeed Mission 8,Falcon 9 Block 5,SpaceX,"CCSFS/KSC, Florida or VSFB, California, USA",NET 2027,,,https://storage.googleapis.com/nextspaceflight/media/rockets-thumb/Falcon_9_Block_5.webp
Telesat Lightspeed Mission 9,Falcon 9 Block 5,SpaceX,"CCSFS/KSC, Florida or VSFB, California, USA",NET 2027,,,https://storage.googleapis.com/nextspaceflight/media/rockets-thumb/Falcon_9_Block_5.webp
Telesat Lightspeed Mission 10,Falcon 9 Block 5,SpaceX,"CCSFS/KSC, Florida or VSFB, California, USA",NET 2027,,,https://storage.googleapis.com/nextspaceflight/media/rockets-thumb/Falcon_9_Block_5.webp
Telesat Lightspeed Mission 11,Falcon 9 Block 5,SpaceX,"CCSFS/KSC, Florida or VSFB, California, USA",NET 2027,,,https://storage.googleapis.com/nextspaceflight/media/rockets-thumb/Falcon_9_Block_5.webp
Telesat Lightspeed Mission 12,Falcon 9 Block 5,SpaceX,"CCSFS/KSC, Florida or VSFB, California, USA",NET 2027,,,https://storage.googleapis.com/nextspaceflight/media/rockets-thumb/Falcon_9_Block_5.webp
Telesat Lightspeed Mission 13,Falcon 9 Block 5,SpaceX,"CCSFS/KSC, Florida or VSFB, California, USA",NET 2027,,,https://storage.googleapis.com/nextspaceflight/media/rockets-thumb/Falcon_9_Block_5.webp
Telesat Lightspeed Mission 14,Falcon 9 Block 5,SpaceX,"CCSFS/KSC, Florida or VSFB, California, USA",NET 2027,,,https://storage.googleapis.com/nextspaceflight/media/rockets-thumb/Falcon_9_Block_5.webp
GPS IIIF-1,Vulcan VC2S,ULA,"Cape Canaveral SFS, Florida, USA",NET 2027,,,https://storage.googleapis.com/nextspaceflight/media/rockets-thumb/54041467572_d7f78e68fe_o.webp
USSF-75,Falcon Heavy,SpaceX,"Kennedy Space Center, Florida, USA",NET 2027,,,https://storage.googleapis.com/nextspaceflight/media/rockets-thumb/Falcon%20Heavy%20Block%205.webp
USSF-70 (ROOSTER-5 & Tetra-6),Falcon Heavy,SpaceX,"Kennedy Space Center, Florida, USA",NET 2027,,,https://storage.googleapis.com/nextspaceflight/media/rockets-thumb/Falcon%20Heavy%20Block%205.webp
Chandrayaan-4 First Launch,LVM-3,ISRO,"Satish Dhawan Space Centre, India",NET 2027,,,https://storage.googleapis.com/nextspaceflight/media/rockets-thumb/p1.webp
Chandrayaan-4 Second Launch,LVM-3,ISRO,"Satish Dhawan Space Centre, India",NET 2027,,,https://storage.googleapis.com/nextspaceflight/media/rockets-thumb/p1.webp
Amazon Leo (LE-05),Ariane 64,Arianespace,"Guiana Space Centre, French Guiana, France",NET 2027,,,https://storage.googleapis.com/nextspaceflight/media/rockets-thumb/P103078_HD.webp
Amazon Leo (LE-06),Ariane 64,Arianespace,"Guiana Space Centre, French Guiana, France",NET 2027,,,https://storage.googleapis.com/nextspaceflight/media/rockets-thumb/P103078_HD.webp
Amazon Leo (LE-07),Ariane 64,Arianespace,"Guiana Space Centre, French Guiana, France",NET 2027,,,https://storage.googleapis.com/nextspaceflight/media/rockets-thumb/P103078_HD.webp
Amazon Leo (LE-08),Ariane 64,Arianespace,"Guiana Space Centre, French Guiana, France",NET 2027,,,https://storage.googleapis.com/nextspaceflight/media/rockets-thumb/P103078_HD.webp
Amazon Leo (LE-09),Ariane 64,Arianespace,"Guiana Space Centre, French Guiana, France",NET 2027,,,https://storage.googleapis.com/nextspaceflight/media/rockets-thumb/P103078_HD.webp
Amazon Leo (LE-10),Ariane 64,Arianespace,"Guiana Space Centre, French Guiana, France",NET 2027,,,https://storage.googleapis.com/nextspaceflight/media/rockets-thumb/P103078_HD.webp
Amazon Leo (LE-11),Ariane 64,Arianespace,"Guiana Space Centre, French Guiana, France",NET 2027,,,https://storage.googleapis.com/nextspaceflight/media/rockets-thumb/P103078_HD.webp
Amazon Leo (LE-12),Ariane 64,Arianespace,"Guiana Space Centre, French Guiana, France",NET 2027,,,https://storage.googleapis.com/nextspaceflight/media/rockets-thumb/P103078_HD.webp
Amazon Leo (LE-13),Ariane 64,Arianespace,"Guiana Space Centre, French Guiana, France",NET 2027,,,https://storage.googleapis.com/nextspaceflight/media/rockets-thumb/P103078_HD.webp
Amazon Leo (LE-14),Ariane 64,Arianespace,"Guiana Space Centre, French Guiana, France",NET 2027,,,https://storage.googleapis.com/nextspaceflight/media/rockets-thumb/P103078_HD.webp
Amazon Leo (LE-15),Ariane 64,Arianespace,"Guiana Space Centre, French Guiana, France",NET 2027,,,https://storage.googleapis.com/nextspaceflight/media/rockets-thumb/P103078_HD.webp
Amazon Leo (LE-16),Ariane 64,Arianespace,"Guiana Space Centre, French Guiana, France",NET 2027,,,https://storage.googleapis.com/nextspaceflight/media/rockets-thumb/P103078_HD.webp
Amazon Leo (LE-17),Ariane 64,Arianespace,"Guiana Space Centre, French Guiana, France",NET 2027,,,https://storage.googleapis.com/nextspaceflight/media/rockets-thumb/P103078_HD.webp
Amazon Leo (LE-18),Ariane 64,Arianespace,"Guiana Space Centre, French Guiana, France",NET 2027,,,https://storage.googleapis.com/nextspaceflight/media/rockets-thumb/P103078_HD.webp
Amazon Leo (LV-13),Vulcan VC6L,ULA,"Cape Canaveral SFS, Florida, USA",NET 2027,,,https://storage.googleapis.com/nextspaceflight/media/rockets-thumb/header_vulcancentaur_forvulcanpage1.webp
Amazon Leo (LV-14),Vulcan VC6L,ULA,"Cape Canaveral SFS, Florida, USA",NET 2027,,,https://storage.googleapis.com/nextspaceflight/media/rockets-thumb/header_vulcancentaur_forvulcanpage1.webp
Amazon Leo (LV-15),Vulcan VC6L,ULA,"Cape Canaveral SFS, Florida, USA",NET 2027,,,https://storage.googleapis.com/nextspaceflight/media/rockets-thumb/header_vulcancentaur_forvulcanpage1.webp
Amazon Leo (LV-16),Vulcan VC6L,ULA,"Cape Canaveral SFS, Florida, USA",NET 2027,,,https://storage.googleapis.com/nextspaceflight/media/rockets-thumb/header_vulcancentaur_forvulcanpage1.webp
Amazon Leo (LV-17),Vulcan VC6L,ULA,"Cape Canaveral SFS, Florida, USA",NET 2027,,,https://storage.googleapis.com/nextspaceflight/media/rockets-thumb/header_vulcancentaur_forvulcanpage1.webp
Amazon Leo (LV-18),Vulcan VC6L,ULA,"Cape Canaveral SFS, Florida, USA",NET 2027,,,https://storage.googleapis.com/nextspaceflight/media/rockets-thumb/header_vulcancentaur_forvulcanpage1.webp
Amazon Leo (LV-19),Vulcan VC6L,ULA,"Cape Canaveral SFS, Florida, USA",NET 2027,,,https://storage.googleapis.com/nextspaceflight/media/rockets-thumb/header_vulcancentaur_forvulcanpage1.webp
Amazon Leo (LV-20),Vulcan VC6L,ULA,"Cape Canaveral SFS, Florida, USA",NET 2027,,,https://storage.googleapis.com/nextspaceflight/media/rockets-thumb/header_vulcancentaur_forvulcanpage1.webp
Amazon Leo (LV-21),Vulcan VC6L,ULA,"Cape Canaveral SFS, Florida, USA",NET 2027,,,https://storage.googleapis.com/nextspaceflight/media/rockets-thumb/header_vulcancentaur_forvulcanpage1.webp
Amazon Leo (LV-22),Vulcan VC6L,ULA,"Cape Canaveral SFS, Florida, USA",NET 2027,,,https://storage.googleapis.com/nextspaceflight/media/rockets-thumb/header_vulcancentaur_forvulcanpage1.webp
Amazon Leo (LV-23),Vulcan VC6L,ULA,"Cape Canaveral SFS, Florida, USA",NET 2027,,,https://storage.googleapis.com/nextspaceflight/media/rockets-thumb/header_vulcancentaur_forvulcanpage1.webp
Amazon Leo (LV-24),Vulcan VC6L,ULA,"Cape Canaveral SFS, Florida, USA",NET 2027,,,https://storage.googleapis.com/nextspaceflight/media/rockets-thumb/header_vulcancentaur_forvulcanpage1.webp
Amazon Leo (LV-25),Vulcan VC6L,ULA,"Cape Canaveral SFS, Florida, USA",NET 2027,,,https://storage.googleapis.com/nextspaceflight/media/rockets-thumb/header_vulcancentaur_forvulcanpage1.webp
Amazon Leo (LV-26),Vulcan VC6L,ULA,"Cape Canaveral SFS, Florida, USA",NET 2027,,,https://storage.googleapis.com/nextspaceflight/media/rockets-thumb/header_vulcancentaur_forvulcanpage1.webp
Amazon Leo (LV-27),Vulcan VC6L,ULA,"Cape Canaveral SFS, Florida, USA",NET 2027,,,https://storage.googleapis.com/nextspaceflight/media/rockets-thumb/header_vulcancentaur_forvulcanpage1.webp
Amazon Leo (LV-28),Vulcan VC6L,ULA,"Cape Canaveral SFS, Florida, USA",NET 2027,,,https://storage.googleapis.com/nextspaceflight/media/rockets-thumb/header_vulcancentaur_forvulcanpage1.webp
Amazon Leo (LV-29),Vulcan VC6L,ULA,"Cape Canaveral SFS, Florida, USA",NET 2027,,,https://storage.googleapis.com/nextspaceflight/media/rockets-thumb/header_vulcancentaur_forvulcanpage1.webp
Amazon Leo (LV-30),Vulcan VC6L,ULA,"Cape Canaveral SFS, Florida, USA",NET 2027,,,https://storage.googleapis.com/nextspaceflight/media/rockets-thumb/header_vulcancentaur_forvulcanpage1.webp
Amazon Leo (LV-31),Vulcan VC6L,ULA,"Cape Canaveral SFS, Florida, USA",NET 2027,,,https://storage.googleapis.com/nextspaceflight/media/rockets-thumb/header_vulcancentaur_forvulcanpage1.webp
Amazon Leo (LV-32),Vulcan VC6L,ULA,"Cape Canaveral SFS, Florida, USA",NET 2027,,,https://storage.googleapis.com/nextspaceflight/media/rockets-thumb/header_vulcancentaur_forvulcanpage1.webp
Amazon Leo (LV-33),Vulcan VC6L,ULA,"Cape Canaveral SFS, Florida, USA",NET 2027,,,https://storage.googleapis.com/nextspaceflight/media/rockets-thumb/header_vulcancentaur_forvulcanpage1.webp
Amazon Leo (LV-34),Vulcan VC6L,ULA,"Cape Canaveral SFS, Florida, USA",NET 2027,,,https://storage.googleapis.com/nextspaceflight/media/rockets-thumb/header_vulcancentaur_forvulcanpage1.webp
Amazon Leo (LV-35),Vulcan VC6L,ULA,"Cape Canaveral SFS, Florida, USA",NET 2027,,,https://storage.googleapis.com/nextspaceflight/media/rockets-thumb/header_vulcancentaur_forvulcanpage1.webp
Amazon Leo (LV-36),Vulcan VC6L,ULA,"Cape Canaveral SFS, Florida, USA",NET 2027,,,https://storage.googleapis.com/nextspaceflight/media/rockets-thumb/header_vulcancentaur_forvulcanpage1.webp
Amazon Leo (LV-37),Vulcan VC6L,ULA,"Cape Canaveral SFS, Florida, USA",NET 2027,,,https://storage.googleapis.com/nextspaceflight/media/rockets-thumb/header_vulcancentaur_forvulcanpage1.webp
Amazon Leo (LV-38),Vulcan VC6L,ULA,"Cape Canaveral SFS, Florida, USA",NET 2027,,,https://storage.googleapis.com/nextspaceflight/media/rockets-thumb/header_vulcancentaur_forvulcanpage1.webp
Demo Flight,Skyrora XL,Skyrora,"Shetland Space Centre, United Kingdom",NET 2027,,,https://storage.googleapis.com/nextspaceflight/media/rockets-thumb/Skyrora_XL.webp
Demo Flight,SL1,HyImpulse,"Shetland Space Centre, United Kingdom",NET 2027,,,https://storage.googleapis.com/nextspaceflight/media/rockets-thumb/SL1.webp
Optus-11,Ariane 64,Arianespace,"Guiana Space Centre, French Guiana, France",NET 2027,,,https://storage.googleapis.com/nextspaceflight/media/rockets-thumb/P103078_HD.webp
First Flight,Vega E,Avio,"Guiana Space Centre, French Guiana, France",NET 2027,,,https://storage.googleapis.com/nextspaceflight/media/rockets-thumb/Vega-E.webp
TSIS-2 & Others,Falcon 9 Block 5,SpaceX,"Vandenberg SFB, California, USA",NET 2027,,,https://storage.googleapis.com/nextspaceflight/media/rockets-thumb/Falcon_9_Block_5.webp
StriX Launch 14,Electron/Curie,Rocket Lab,"Māhia Peninsula, New Zealand",NET 2027,,,https://storage.googleapis.com/nextspaceflight/media/rockets-thumb/54387495948_b874311694.webp
StriX Launch 15,Electron/Curie,Rocket Lab,"Māhia Peninsula, New Zealand",NET 2027,,,https://storage.googleapis.com/nextspaceflight/media/rockets-thumb/54387495948_b874311694.webp
StriX Launch 16,Electron/Curie,Rocket Lab,"Māhia Peninsula, New Zealand",NET 2027,,,https://storage.googleapis.com/nextspaceflight/media/rockets-thumb/54387495948_b874311694.webp
JPSS-4,Falcon 9 Block 5,SpaceX,"Vandenberg SFB, California, USA",NET 2027,,,https://storage.googleapis.com/nextspaceflight/media/rockets-thumb/Falcon_9_Block_5.webp
Thaicom-10,Falcon 9 Block 5,SpaceX,"SLC-40 or LC-39A, Florida, USA",NET 2027,,,https://storage.googleapis.com/nextspaceflight/media/rockets-thumb/Falcon_9_Block_5.webp
EAGLE-1,Vega C,Avio,"Guiana Space Centre, French Guiana, France",NET 2027,,,https://storage.googleapis.com/nextspaceflight/media/rockets-thumb/Vega-C.webp
INCUS,Alpha Block 2,Firefly,"Wallops Flight Facility, Virginia, USA",NET 2027,,,https://storage.googleapis.com/nextspaceflight/media/rockets/default.jpg
USSF-50 (NGG-2),Vulcan Centaur,ULA,"Cape Canaveral SFS, Florida, USA",NET 2027,,,https://storage.googleapis.com/nextspaceflight/media/rockets-thumb/Vulcan_Centaur.webp
USSF-49 (GPS IIIF-2),Vulcan VC2S,ULA,"Cape Canaveral SFS, Florida, USA",NET 2027,,,https://storage.googleapis.com/nextspaceflight/media/rockets-thumb/54041467572_d7f78e68fe_o.webp
NROL-97,Falcon Heavy,SpaceX,"Kennedy Space Center, Florida, USA",NET 2027,,,https://storage.googleapis.com/nextspaceflight/media/rockets-thumb/Falcon%20Heavy%20Block%205.webp
USSF-174,Falcon Heavy,SpaceX,"Kennedy Space Center, Florida, USA",NET 2027,,,https://storage.googleapis.com/nextspaceflight/media/rockets-thumb/Falcon%20Heavy%20Block%205.webp
USSF-186,Falcon Heavy,SpaceX,"Kennedy Space Center, Florida, USA",NET 2027,,,https://storage.googleapis.com/nextspaceflight/media/rockets-thumb/Falcon%20Heavy%20Block%205.webp
USSF-234,Falcon 9 Block 5,SpaceX,"SLC-40 or LC-39A, Florida, USA",NET 2027,,,https://storage.googleapis.com/nextspaceflight/media/rockets-thumb/Falcon_9_Block_5.webp
NROL-96,Falcon 9 Block 5,SpaceX,"Vandenberg SFB, California, USA",NET 2027,,,https://storage.googleapis.com/nextspaceflight/media/rockets-thumb/Falcon_9_Block_5.webp
NROL-157,Falcon 9 Block 5,SpaceX,"Vandenberg SFB, California, USA",NET 2027,,,https://storage.googleapis.com/nextspaceflight/media/rockets-thumb/Falcon_9_Block_5.webp
Thor-8,Falcon 9 Block 5,SpaceX,"SLC-40 or LC-39A, Florida, USA",NET 2027,,,https://storage.googleapis.com/nextspaceflight/media/rockets-thumb/Falcon_9_Block_5.webp
Astranis Block 4,Falcon 9 Block 5,SpaceX,"Kennedy Space Center, Florida, USA",NET 2027,,,https://storage.googleapis.com/nextspaceflight/media/rockets-thumb/Falcon_9_Block_5.webp
Purdue 1,Delta Class SpaceShip,Virgin Galactic,"Spaceport America, New Mexico, USA",NET 2027,,,https://storage.googleapis.com/nextspaceflight/media/rockets/default.jpg
StriX Launch 17,Electron/Curie,Rocket Lab,"Māhia Peninsula, New Zealand",NET 2027,,,https://storage.googleapis.com/nextspaceflight/media/rockets-thumb/54387495948_b874311694.webp
StriX Launch 18,Electron/Curie,Rocket Lab,"Māhia Peninsula, New Zealand",NET 2027,,,https://storage.googleapis.com/nextspaceflight/media/rockets-thumb/54387495948_b874311694.webp
StriX Launch 19,Electron/Curie,Rocket Lab,"Māhia Peninsula, New Zealand",NET 2027,,,https://storage.googleapis.com/nextspaceflight/media/rockets-thumb/54387495948_b874311694.webp
StriX Launch 20,Electron/Curie,Rocket Lab,"Māhia Peninsula, New Zealand",NET 2027,,,https://storage.googleapis.com/nextspaceflight/media/rockets-thumb/54387495948_b874311694.webp
StriX Launch 21,Electron/Curie,Rocket Lab,"Māhia Peninsula, New Zealand",NET 2027,,,https://storage.googleapis.com/nextspaceflight/media/rockets-thumb/54387495948_b874311694.webp
USSF-206 (WGS-12),Falcon Heavy,SpaceX,"Kennedy Space Center, Florida, USA",NET 2027,,,https://storage.googleapis.com/nextspaceflight/media/rockets-thumb/Falcon%20Heavy%20Block%205.webp
USSF-155,Falcon Heavy,SpaceX,"Kennedy Space Center, Florida, USA",NET 2027,,,https://storage.googleapis.com/nextspaceflight/media/rockets-thumb/Falcon%20Heavy%20Block%205.webp
NROL-86,Falcon Heavy,SpaceX,"Kennedy Space Center, Florida, USA",NET 2027,,,https://storage.googleapis.com/nextspaceflight/media/rockets-thumb/Falcon%20Heavy%20Block%205.webp
USSF-149,Falcon 9 Block 5,SpaceX,"SLC-40 or LC-39A, Florida, USA",NET 2027,,,https://storage.googleapis.com/nextspaceflight/media/rockets-thumb/Falcon_9_Block_5.webp
USSF-63,Falcon Heavy,SpaceX,"Kennedy Space Center, Florida, USA",NET 2027,,,https://storage.googleapis.com/nextspaceflight/media/rockets-thumb/Falcon%20Heavy%20Block%205.webp
NROL-88,Vulcan VC4S,ULA,"Cape Canaveral SFS, Florida, USA",NET 2027,,,https://storage.googleapis.com/nextspaceflight/media/rockets-thumb/Vulcan%20VC4S.webp
Demo Flight,Long March 10,CASC,"Wenchang Space Launch Site, China",NET 2027,,,https://storage.googleapis.com/nextspaceflight/media/rockets-thumb/Long_March_10_mockup_-_NMC.webp
Chinggis Sat,Falcon 9 Block 5,SpaceX,"SLC-40 or LC-39A, Florida, USA",NET 2027,,,https://storage.googleapis.com/nextspaceflight/media/rockets-thumb/Falcon_9_Block_5.webp
JSAT-32,Falcon 9 Block 5,SpaceX,"SLC-40 or LC-39A, Florida, USA",NET 2027,,,https://storage.googleapis.com/nextspaceflight/media/rockets-thumb/Falcon_9_Block_5.webp
NeonSat-7 to 11 & Others,KSLV-2,KARI,"Naro Space Center, South Korea",NET 2027,,,https://storage.googleapis.com/nextspaceflight/media/rockets-thumb/KSLV-2.webp
NVS-05 (IRNSS-1N),GSLV Mk II,ISRO,"Satish Dhawan Space Centre, India",NET 2027,,,https://storage.googleapis.com/nextspaceflight/media/rockets-thumb/gslv_f16_002.webp
Tranche 2 Tracking Layer,Falcon 9 Block 5,SpaceX,"CCSFS/KSC, Florida or VSFB, California, USA",NET 2027,,,https://storage.googleapis.com/nextspaceflight/media/rockets-thumb/Falcon_9_Block_5.webp
Tranche 2 Tracking Layer,Falcon 9 Block 5,SpaceX,"CCSFS/KSC, Florida or VSFB, California, USA",NET 2027,,,https://storage.googleapis.com/nextspaceflight/media/rockets-thumb/Falcon_9_Block_5.webp
FORMOSAT-8C,Vega C,Avio,"Guiana Space Centre, French Guiana, France",NET 2027,,,https://storage.googleapis.com/nextspaceflight/media/rockets-thumb/Vega-C.webp
Amazônia 1B,Vega C,Avio,"Guiana Space Centre, French Guiana, France",NET 2027,,,https://storage.googleapis.com/nextspaceflight/media/rockets-thumb/Vega-C.webp
Amazon Leo,New Glenn,Blue Origin,"Cape Canaveral SFS, Florida, USA",NET 2027,,,https://storage.googleapis.com/nextspaceflight/media/rockets-thumb/G51Yd4bbkAIzm_x.webp
Amazon Leo,New Glenn,Blue Origin,"Cape Canaveral SFS, Florida, USA",NET 2027,,,https://storage.googleapis.com/nextspaceflight/media/rockets-thumb/G51Yd4bbkAIzm_x.webp
Amazon Leo,New Glenn,Blue Origin,"Cape Canaveral SFS, Florida, USA",NET 2027,,,https://storage.googleapis.com/nextspaceflight/media/rockets-thumb/G51Yd4bbkAIzm_x.webp
Amazon Leo,New Glenn,Blue Origin,"Cape Canaveral SFS, Florida, USA",NET 2027,,,https://storage.googleapis.com/nextspaceflight/media/rockets-thumb/G51Yd4bbkAIzm_x.webp
Amazon Leo,New Glenn,Blue Origin,"Cape Canaveral SFS, Florida, USA",NET 2027,,,https://storage.googleapis.com/nextspaceflight/media/rockets-thumb/G51Yd4bbkAIzm_x.webp
Amazon Leo,New Glenn,Blue Origin,"Cape Canaveral SFS, Florida, USA",NET 2027,,,https://storage.googleapis.com/nextspaceflight/media/rockets-thumb/G51Yd4bbkAIzm_x.webp
Amazon Leo,New Glenn,Blue Origin,"Cape Canaveral SFS, Florida, USA",NET 2027,,,https://storage.googleapis.com/nextspaceflight/media/rockets-thumb/G51Yd4bbkAIzm_x.webp
Amazon Leo,New Glenn,Blue Origin,"Cape Canaveral SFS, Florida, USA",NET 2027,,,https://storage.googleapis.com/nextspaceflight/media/rockets-thumb/G51Yd4bbkAIzm_x.webp
Amazon Leo,New Glenn,Blue Origin,"Cape Canaveral SFS, Florida, USA",NET 2027,,,https://storage.googleapis.com/nextspaceflight/media/rockets-thumb/G51Yd4bbkAIzm_x.webp
Amazon Leo,New Glenn,Blue Origin,"Cape Canaveral SFS, Florida, USA",NET 2027,,,https://storage.googleapis.com/nextspaceflight/media/rockets-thumb/G51Yd4bbkAIzm_x.webp
Amazon Leo,New Glenn,Blue Origin,"Cape Canaveral SFS, Florida, USA",NET 2027,,,https://storage.googleapis.com/nextspaceflight/media/rockets-thumb/G51Yd4bbkAIzm_x.webp
Amazon Leo,New Glenn,Blue Origin,"Cape Canaveral SFS, Florida, USA",NET 2027,,,https://storage.googleapis.com/nextspaceflight/media/rockets-thumb/G51Yd4bbkAIzm_x.webp
Tritó 1 & 2,Miura 5,PLD,"Guiana Space Centre, French Guiana, France",NET 2027,,,https://storage.googleapis.com/nextspaceflight/media/rockets-thumb/Miura%205.webp
Shukrayaan,LVM-3,ISRO,"Satish Dhawan Space Centre, India","NET March, 2028",,,https://storage.googleapis.com/nextspaceflight/media/rockets-thumb/p1.webp
Sentinel CO2M-B,Vega C,Avio,"Guiana Space Centre, French Guiana, France","NET March, 2028",,,https://storage.googleapis.com/nextspaceflight/media/rockets-thumb/Vega-C.webp
Space Rider F1,Vega C,Avio,"Guiana Space Centre, French Guiana, France","NET 1st Quarter, 2028",,,https://storage.googleapis.com/nextspaceflight/media/rockets-thumb/Vega-C.webp
MBR Explorer,H3,MHI,"Tanegashima Space Center, Japan","NET 1st Quarter, 2028",,,https://storage.googleapis.com/nextspaceflight/media/rockets-thumb/h3.webp
Pléiades Neo Next 1,Vega C,Avio,"Guiana Space Centre, French Guiana, France","NET 1st Quarter, 2028",,,https://storage.googleapis.com/nextspaceflight/media/rockets-thumb/Vega-C.webp
DESTINY+ and RAMSES,H3,JAXA,"Tanegashima Space Center, Japan","NET April 20, 2028",,,https://storage.googleapis.com/nextspaceflight/media/rockets-thumb/h3.webp
HRSAT,PSLV,ISRO,"Satish Dhawan Space Centre, India","NET April, 2028",,,https://storage.googleapis.com/nextspaceflight/media/rockets-thumb/pslv.webp
Near-Earth Object (NEO) Surveyor,Falcon 9 Block 5,SpaceX,"SLC-40 or LC-39A, Florida, USA","NET June, 2028",,,https://storage.googleapis.com/nextspaceflight/media/rockets-thumb/Falcon_9_Block_5.webp
Dragonfly,Falcon Heavy,SpaceX,"Kennedy Space Center, Florida, USA","NET July 5, 2028",,,https://storage.googleapis.com/nextspaceflight/media/rockets-thumb/Falcon%20Heavy%20Block%205.webp
Comet Interceptor Mission,Ariane 64,Arianespace,"Guiana Space Centre, French Guiana, France","NET August, 2028",,,https://storage.googleapis.com/nextspaceflight/media/rockets-thumb/P103078_HD.webp
Artemis IV,SLS Block 1B,NASA,"Kennedy Space Center, Florida, USA","NET September, 2028",,,https://storage.googleapis.com/nextspaceflight/media/rockets-thumb/SLS_Block_1B.webp
Crewed Lunar Demo,Starship HLS,SpaceX,"Kennedy Space Center, Florida, USA","NET September, 2028",,,https://storage.googleapis.com/nextspaceflight/media/rockets-thumb/IMG_4358.webp
Luna 27,Soyuz 2.1b/Fregat-M,Roscosmos,"Vostochny Cosmodrome, Russia",NET 2028,,,https://storage.googleapis.com/nextspaceflight/media/rockets-thumb/Soyuz_2.1b-Fregat-M.webp
Tianwen 3,Long March 5,CASC,"Wenchang Space Launch Site, China",NET 2028,,,https://storage.googleapis.com/nextspaceflight/media/rockets-thumb/Long_March_5.webp
RBKA n°1,Soyuz 2.1a/Fregat,Roscosmos,"Vostochny Cosmodrome, Russia",NET 2028,,,https://storage.googleapis.com/nextspaceflight/media/rockets-thumb/Soyuz_2.1a_Fregat_rocket.webp
GVM-M (Demo Flight),Amur/Fregat-M,Roscosmos,"Vostochny Cosmodrome, Russia",NET 2028,,,https://storage.googleapis.com/nextspaceflight/media/rockets/default.jpg
Sustaining Crewed Lunar Demo,Starship HLS,SpaceX,"Kennedy Space Center, Florida, USA",NET 2028,,,https://storage.googleapis.com/nextspaceflight/media/rockets-thumb/IMG_4358.webp
Sustaining Uncrewed Lunar Demo,New Glenn,Blue Origin,"Cape Canaveral SFS, Florida, USA",NET 2028,,,https://storage.googleapis.com/nextspaceflight/media/rockets-thumb/G51Yd4bbkAIzm_x.webp
Starlab Space Station,Cargo Starship,SpaceX,"CCSFS/KSC, Florida or Starbase, Texas, USA",NET 2028,,,https://storage.googleapis.com/nextspaceflight/media/rockets-thumb/Cargo_Starship.webp
Al Yah 5,Falcon 9 Block 5,SpaceX,"SLC-40 or LC-39A, Florida, USA","NET 2nd Half, 2028",,,https://storage.googleapis.com/nextspaceflight/media/rockets-thumb/Falcon_9_Block_5.webp
SEOPS Rideshare Mission,Falcon 9 Block 5,SpaceX,"SLC-40 or LC-39A, Florida, USA","NET 2nd Half, 2028",,,https://storage.googleapis.com/nextspaceflight/media/rockets-thumb/Falcon_9_Block_5.webp
Space Rider F2,Vega C,Avio,"Guiana Space Centre, French Guiana, France",NET 2028,,,https://storage.googleapis.com/nextspaceflight/media/rockets-thumb/Vega-C.webp
Luna 26,Soyuz 2.1b/Fregat-M,Roscosmos,"Vostochny Cosmodrome, Russia",NET 2028,,,https://storage.googleapis.com/nextspaceflight/media/rockets-thumb/Soyuz_2.1b-Fregat-M.webp
CRS SNC-4,Vulcan VC4L,ULA,"Cape Canaveral SFS, Florida, USA",NET 2028,,,https://storage.googleapis.com/nextspaceflight/media/rockets-thumb/Vulcan%20VC4L.webp
CRS SNC-5,Vulcan VC4L,ULA,"Cape Canaveral SFS, Florida, USA",NET 2028,,,https://storage.googleapis.com/nextspaceflight/media/rockets-thumb/Vulcan%20VC4L.webp
Oryol Test Flight,Angara A5M,Roscosmos,"Vostochny Cosmodrome, Russia",NET 2028,,,https://storage.googleapis.com/nextspaceflight/media/rockets/default.jpg
Lunar Polar Exploration Mission (LUPEX),H3-24L,MHI,"Tanegashima Space Center, Japan",NET 2028,,,https://storage.googleapis.com/nextspaceflight/media/rockets-thumb/e9432c0c2b37ff96b2ce66b7bb33d081L.webp
Impulse Space's Mars Mission,Terran R,Relativity Space,"Cape Canaveral SFS, Florida, USA",NET 2028,,,https://storage.googleapis.com/nextspaceflight/media/rockets-thumb/Terran_R.webp
Intelsat IS-41 & IS-44,Ariane 64,Arianespace,"Guiana Space Centre, French Guiana, France",NET 2028,,,https://storage.googleapis.com/nextspaceflight/media/rockets-thumb/P103078_HD.webp
AOS-Demo & Precursor,Spectrum,Isar,"Andøya Rocket Range, Nordland, Norway",NET 2028,,,https://storage.googleapis.com/nextspaceflight/media/rockets-thumb/Spectrum%20Flight%201.webp
USSF-15 (GPS IIIF-3),Vulcan VC2S,ULA,"Cape Canaveral SFS, Florida, USA",NET 2028,,,https://storage.googleapis.com/nextspaceflight/media/rockets-thumb/54041467572_d7f78e68fe_o.webp
USSF-178 (WSF-M 2 & BLAZE-2),Falcon 9 Block 5,SpaceX,"Vandenberg SFB, California, USA",NET 2028,,,https://storage.googleapis.com/nextspaceflight/media/rockets-thumb/Falcon_9_Block_5.webp
StriX Launch 22,Electron/Curie,Rocket Lab,"Māhia Peninsula, New Zealand",NET 2028,,,https://storage.googleapis.com/nextspaceflight/media/rockets-thumb/54387495948_b874311694.webp
StriX Launch 23,Electron/Curie,Rocket Lab,"Māhia Peninsula, New Zealand",NET 2028,,,https://storage.googleapis.com/nextspaceflight/media/rockets-thumb/54387495948_b874311694.webp
StriX Launch 24,Electron/Curie,Rocket Lab,"Māhia Peninsula, New Zealand",NET 2028,,,https://storage.googleapis.com/nextspaceflight/media/rockets-thumb/54387495948_b874311694.webp
StriX Launch 25,Electron/Curie,Rocket Lab,"Māhia Peninsula, New Zealand",NET 2028,,,https://storage.googleapis.com/nextspaceflight/media/rockets-thumb/54387495948_b874311694.webp
StriX Launch 26,Electron/Curie,Rocket Lab,"Māhia Peninsula, New Zealand",NET 2028,,,https://storage.googleapis.com/nextspaceflight/media/rockets-thumb/54387495948_b874311694.webp
USSF-88 (GPS IIIF-4),Vulcan VC2S,ULA,"Cape Canaveral SFS, Florida, USA",NET 2028,,,https://storage.googleapis.com/nextspaceflight/media/rockets-thumb/54041467572_d7f78e68fe_o.webp
EchoStar XXVI,Falcon 9 Block 5,SpaceX,"SLC-40 or LC-39A, Florida, USA",NET 2028,,,https://storage.googleapis.com/nextspaceflight/media/rockets-thumb/Falcon_9_Block_5.webp
SEOPS LaunchLock Prime,Spectrum,Isar,"Andøya Rocket Range, Nordland, Norway",NET 2028,,,https://storage.googleapis.com/nextspaceflight/media/rockets-thumb/Spectrum%20Flight%201.webp
JSAT-31,Falcon 9 Block 5,SpaceX,"SLC-40 or LC-39A, Florida, USA",NET 2028,,,https://storage.googleapis.com/nextspaceflight/media/rockets-thumb/Falcon_9_Block_5.webp
FORMOSAT-8D,Vega C,Avio,"Guiana Space Centre, French Guiana, France",NET 2028,,,https://storage.googleapis.com/nextspaceflight/media/rockets-thumb/Vega-C.webp
FORMOSAT-9A,Vega C,Avio,"Guiana Space Centre, French Guiana, France",NET 2028,,,https://storage.googleapis.com/nextspaceflight/media/rockets-thumb/Vega-C.webp
GRACE-C,Falcon 9 Block 5,SpaceX,"CCSFS/KSC, Florida or VSFB, California, USA","NET July, 2029",,,https://storage.googleapis.com/nextspaceflight/media/rockets-thumb/Falcon_9_Block_5.webp
Artemis V,SLS Block 1B,NASA,"Kennedy Space Center, Florida, USA","NET September, 2029",,,https://storage.googleapis.com/nextspaceflight/media/rockets-thumb/SLS_Block_1B.webp
KPS-1,Falcon 9 Block 5,SpaceX,"SLC-40 or LC-39A, Florida, USA","NET September, 2029",,,https://storage.googleapis.com/nextspaceflight/media/rockets-thumb/Falcon_9_Block_5.webp
GLS-1,Falcon Heavy,SpaceX,"Kennedy Space Center, Florida, USA",NET 2020s,,,https://storage.googleapis.com/nextspaceflight/media/rockets-thumb/Falcon%20Heavy%20Block%205.webp
GLS-2,Falcon Heavy,SpaceX,"Kennedy Space Center, Florida, USA",NET 2020s,,,https://storage.googleapis.com/nextspaceflight/media/rockets-thumb/Falcon%20Heavy%20Block%205.webp
Starliner-5,Atlas V N22,ULA,"Cape Canaveral SFS, Florida, USA",NET 2020s,,,https://storage.googleapis.com/nextspaceflight/media/rockets-thumb/Atlas_V_N22_rocket.webp
Starliner-6,Atlas V N22,ULA,"Cape Canaveral SFS, Florida, USA",NET 2020s,,,https://storage.googleapis.com/nextspaceflight/media/rockets-thumb/Atlas_V_N22_rocket.webp
Skylark 5-8,Electron/Curie,Rocket Lab,"Māhia Peninsula, New Zealand",NET 2020s,,,https://storage.googleapis.com/nextspaceflight/media/rockets-thumb/54387495948_b874311694.webp
Skylark 9-12,Electron/Curie,Rocket Lab,"Māhia Peninsula, New Zealand",NET 2020s,,,https://storage.googleapis.com/nextspaceflight/media/rockets-thumb/54387495948_b874311694.webp
Sustaining Crewed Lunar Demo,New Glenn,Blue Origin,"Cape Canaveral SFS, Florida, USA",NET 2029,,,https://storage.googleapis.com/nextspaceflight/media/rockets-thumb/G51Yd4bbkAIzm_x.webp
Space Rider F3,Vega C,Avio,"Guiana Space Centre, French Guiana, France",NET 2029,,,https://storage.googleapis.com/nextspaceflight/media/rockets-thumb/Vega-C.webp
Space Rider F5,Vega C,Avio,"Guiana Space Centre, French Guiana, France",NET 2029,,,https://storage.googleapis.com/nextspaceflight/media/rockets-thumb/Vega-C.webp
Space Rider F4,Vega C,Avio,"Guiana Space Centre, French Guiana, France",NET 2029,,,https://storage.googleapis.com/nextspaceflight/media/rockets-thumb/Vega-C.webp
ClearSpace 1,Vega C,Avio,"Guiana Space Centre, French Guiana, France",NET 2029,,,https://storage.googleapis.com/nextspaceflight/media/rockets-thumb/Vega-C.webp
CRS SNC-6,Vulcan VC4L,ULA,"Cape Canaveral SFS, Florida, USA",NET 2029,,,https://storage.googleapis.com/nextspaceflight/media/rockets-thumb/Vulcan%20VC4L.webp
Chang'e 8,Long March 5,CASC,"Wenchang Space Launch Site, China",NET 2029,,,https://storage.googleapis.com/nextspaceflight/media/rockets-thumb/Long_March_5.webp
Harmony,Vega C,Avio,"Guiana Space Centre, French Guiana, France",NET 2029,,,https://storage.googleapis.com/nextspaceflight/media/rockets-thumb/Vega-C.webp
SBG-TIR,Vega C,Avio,"Guiana Space Centre, French Guiana, France",NET 2029,,,https://storage.googleapis.com/nextspaceflight/media/rockets-thumb/Vega-C.webp
ComSatBw 1B,Ariane 64,Arianespace,"Guiana Space Centre, French Guiana, France",NET 2029,,,https://storage.googleapis.com/nextspaceflight/media/rockets-thumb/P103078_HD.webp
ComSatBw 2B,Ariane 64,Arianespace,"Guiana Space Centre, French Guiana, France",NET 2029,,,https://storage.googleapis.com/nextspaceflight/media/rockets-thumb/P103078_HD.webp
GovSat-2,Ariane 64,Arianespace,"Guiana Space Centre, French Guiana, France",NET 2029,,,https://storage.googleapis.com/nextspaceflight/media/rockets-thumb/P103078_HD.webp
Tianwen 4,Long March 5,CASC,"Wenchang Space Launch Site, China",NET 2030,,,https://storage.googleapis.com/nextspaceflight/media/rockets-thumb/Long_March_5.webp
Luna 28,Soyuz 2.1b/Fregat-M,Roscosmos,"Vostochny Cosmodrome, Russia",NET 2030,,,https://storage.googleapis.com/nextspaceflight/media/rockets-thumb/Soyuz_2.1b-Fregat-M.webp
Luna 29,Soyuz 2.1b/Fregat-M,Roscosmos,"Vostochny Cosmodrome, Russia",NET 2030,,,https://storage.googleapis.com/nextspaceflight/media/rockets-thumb/Soyuz_2.1b-Fregat-M.webp
GAMMA-400,Angara A5/Briz-M,Roscosmos,"Vostochny Cosmodrome, Russia",NET 2030,,,https://storage.googleapis.com/nextspaceflight/media/rockets-thumb/Angara_A5_BrizM.webp
RBKA n°2,Soyuz 2.1a/Fregat,Roscosmos,"Vostochny Cosmodrome, Russia",NET 2030,,,https://storage.googleapis.com/nextspaceflight/media/rockets-thumb/Soyuz_2.1a_Fregat_rocket.webp
TRUTHS,Vega C,Avio,"Guiana Space Centre, French Guiana, France",NET 2030,,,https://storage.googleapis.com/nextspaceflight/media/rockets-thumb/Vega-C.webp
FORMOSAT-9B,Vega C,Avio,"Guiana Space Centre, French Guiana, France",NET 2030,,,https://storage.googleapis.com/nextspaceflight/media/rockets-thumb/Vega-C.webp
EnVision,Ariane 64,Arianespace,"Guiana Space Centre, French Guiana, France","NET November, 2031",,,https://storage.googleapis.com/nextspaceflight/media/rockets-thumb/P103078_HD.webp
Sentinel-5B,Ariane 62,Arianespace,"Guiana Space Centre, French Guiana, France",NET 2031,,,https://storage.googleapis.com/nextspaceflight/media/rockets-thumb/Ariane%2062.webp
Ariel,Ariane 62,Arianespace,"Guiana Space Centre, French Guiana, France","NET 2nd Half, 2031",,,https://storage.googleapis.com/nextspaceflight/media/rockets-thumb/Ariane%2062.webp
Venera D,Angara A5/Blok DM-03,Roscosmos,"Vostochny Cosmodrome, Russia",NET 2031,,,https://storage.googleapis.com/nextspaceflight/media/rockets-thumb/Angara_A5_DM-03.webp
Argonaut Mission 1,Ariane 64,Arianespace,"Guiana Space Centre, French Guiana, France",NET 2031,,,https://storage.googleapis.com/nextspaceflight/media/rockets-thumb/P103078_HD.webp
LISA (Gravitational Wave Observatory),Ariane 64,Arianespace,"Guiana Space Centre, French Guiana, France",NET 2035,,,https://storage.googleapis.com/nextspaceflight/media/rockets-thumb/P103078_HD.webp
Spektr-UF,Angara A5/Briz-M,Roscosmos,"Vostochny Cosmodrome, Russia",NET 2030s,,,https://storage.googleapis.com/nextspaceflight/media/rockets-thumb/Angara_A5_BrizM.webp
Spektr-M (Millimetron),Angara A5/Briz-M,Roscosmos,"Vostochny Cosmodrome, Russia",NET 2030s,,,https://storage.googleapis.com/nextspaceflight/media/rockets-thumb/Angara_A5_BrizM.webp
